dataset,feature,rank_standard,rank_interventional,mean_abs_shap_standard
synthetic,num__screening_score,0,1,0.89427185
synthetic,num__skills,1,0,0.8340354
synthetic,num__experience_years,2,2,0.3381469
synthetic,num__negotiation,3,3,0.1320398
synthetic,num__ses,4,7,0.103378534
synthetic,num__gap_years,5,4,0.10100212
synthetic,num__zip,6,11,0.09511047
synthetic,cat__education_level_HighSchool,7,5,0.09123127
synthetic,num__university_quality,8,6,0.08812525
synthetic,cat__education_level_PhD,9,8,0.087769605
synthetic,num___gender_enc,10,9,0.07633502
synthetic,num__age,11,10,0.054850474
synthetic,cat__education_level_Masters,12,13,0.031018686
synthetic,cat__education_level_Bachelors,13,12,0.026003374
synthetic,cat__race_Majority,14,15,0.020805506
synthetic,cat__race_Minority,15,14,0.0
adult,cat__marital-status_Married-civ-spouse,0,0,1.0758806
adult,num__age,1,1,0.6465457
adult,num__capital-gain,2,3,0.5057029
adult,num__education-num,3,2,0.47701016
adult,num__hours-per-week,4,4,0.33335498
adult,num__capital-loss,5,5,0.1600438
adult,num___sex_enc,6,7,0.12544511
adult,cat__occupation_Exec-managerial,7,6,0.12261341
adult,cat__relationship_Own-child,8,8,0.10863305
adult,cat__marital-status_Never-married,9,9,0.09962674
adult,cat__occupation_Prof-specialty,10,10,0.097566046
adult,cat__occupation_Other-service,11,16,0.08273641
adult,cat__relationship_Wife,12,23,0.076419055
adult,cat__occupation_Farming-fishing,13,35,0.046816465
adult,cat__occupation_Machine-op-inspct,14,27,0.040103313
adult,cat__workclass_Self-emp-not-inc,15,12,0.0390074
adult,cat__race_White,16,17,0.036494534
adult,cat__relationship_Not-in-family,17,21,0.0352439
adult,cat__occupation_Handlers-cleaners,18,11,0.034951247
adult,cat__occupation_Sales,19,13,0.033799447
adult,cat__workclass_Federal-gov,20,14,0.025495714
adult,cat__workclass_Local-gov,21,28,0.02387961
adult,cat__occupation_Tech-support,22,51,0.020943895
adult,cat__workclass_State-gov,23,89,0.016967973
adult,cat__workclass_Private,24,38,0.016538195
adult,cat__relationship_Husband,25,26,0.0158876
adult,cat__occupation_Adm-clerical,26,22,0.015332252
adult,cat__relationship_Other-relative,27,78,0.01494755
adult,cat__workclass_Self-emp-inc,28,18,0.014367171
adult,cat__relationship_Unmarried,29,34,0.012804555
adult,cat__occupation_Transport-moving,30,20,0.01250415
adult,cat__occupation_Protective-serv,31,42,0.012340497
adult,cat__marital-status_Divorced,32,50,0.011393864
adult,cat__marital-status_Widowed,33,41,0.009791563
adult,cat__native-country_United-States,34,25,0.009669477
adult,cat__education_Some-college,35,32,0.009639495
adult,cat__native-country_Mexico,36,49,0.007288376
adult,cat__education_Bachelors,37,47,0.007079934
adult,cat__race_Asian-Pac-Islander,38,45,0.006401613
adult,cat__occupation_Priv-house-serv,39,86,0.006146704
adult,cat__occupation_Craft-repair,40,36,0.0061339764
adult,cat__race_Amer-Indian-Eskimo,41,44,0.005608093
adult,cat__education_Prof-school,42,80,0.004444558
adult,cat__marital-status_Separated,43,52,0.004423902
adult,cat__marital-status_Married-AF-spouse,44,81,0.0035552243
adult,cat__native-country_Philippines,45,55,0.0032399155
adult,cat__education_HS-grad,46,19,0.003064828
adult,cat__education_Assoc-voc,47,54,0.002816524
adult,cat__native-country_Columbia,48,93,0.0026830612
adult,cat__native-country_Dominican-Republic,49,95,0.0023281926
adult,cat__native-country_Puerto-Rico,50,74,0.0018852954
adult,cat__native-country_Italy,51,46,0.0018549053
adult,cat__race_Black,52,24,0.0017852347
adult,cat__native-country_Vietnam,53,61,0.0015205799
adult,cat__education_Assoc-acdm,54,40,0.0014641578
adult,cat__education_10th,55,33,0.0013206458
adult,cat__education_Masters,56,53,0.0012668172
adult,cat__native-country_Germany,57,98,0.0010252751
adult,cat__native-country_India,58,58,0.0009955749
adult,cat__education_7th-8th,59,83,0.0009193167
adult,cat__native-country_Canada,60,76,0.0007685385
adult,cat__native-country_China,61,92,0.0005842233
adult,cat__native-country_England,62,31,0.000580916
adult,cat__native-country_South,63,72,0.0005519135
adult,cat__education_5th-6th,64,84,0.00042973904
adult,cat__native-country_Cambodia,65,91,0.00034089532
adult,cat__native-country_Japan,66,63,0.00033173407
adult,cat__education_9th,67,30,0.00021779243
adult,cat__native-country_Greece,68,99,0.00020990545
adult,cat__race_Other,69,29,0.00018039132
adult,cat__native-country_Poland,70,64,0.00016591167
adult,cat__native-country_Nicaragua,71,66,0.00014996428
adult,cat__native-country_Ireland,72,60,5.156466e-05
adult,cat__native-country_Jamaica,73,15,4.86179e-05
adult,cat__education_11th,74,43,3.7317343e-05
adult,cat__native-country_Guatemala,75,100,0.0
adult,cat__native-country_Peru,76,65,0.0
adult,cat__education_Doctorate,77,48,0.0
adult,cat__education_Preschool,78,79,0.0
adult,cat__native-country_Trinadad&Tobago,79,69,0.0
adult,cat__native-country_Thailand,80,70,0.0
adult,cat__native-country_Taiwan,81,71,0.0
adult,cat__native-country_Cuba,82,94,0.0
adult,cat__native-country_Scotland,83,73,0.0
adult,cat__workclass_Without-pay,84,88,0.0
adult,cat__native-country_Portugal,85,62,0.0
adult,cat__native-country_Ecuador,86,96,0.0
adult,cat__marital-status_Married-spouse-absent,87,39,0.0
adult,cat__native-country_El-Salvador,88,37,0.0
adult,cat__native-country_Outlying-US(Guam-USVI-etc),89,68,0.0
adult,cat__native-country_Haiti,90,90,0.0
adult,cat__education_1st-4th,91,85,0.0
adult,cat__native-country_Laos,92,56,0.0
adult,cat__native-country_France,93,97,0.0
adult,cat__occupation_Armed-Forces,94,82,0.0
adult,cat__native-country_Iran,95,59,0.0
adult,cat__education_12th,96,87,0.0
adult,cat__native-country_Hungary,97,57,0.0
adult,cat__native-country_Hong,98,75,0.0
adult,cat__native-country_Honduras,99,67,0.0
adult,cat__native-country_Holand-Netherlands,100,77,0.0
adult,cat__native-country_Yugoslavia,101,101,0.0
