dataset,feature,PS
synthetic,experience_years,0.40520399808883667
synthetic,education_level,0.2964078485965729
synthetic,screening_score,0.5941504240036011
synthetic,negotiation,0.25472691655158997
synthetic,skills,0.6496984958648682
synthetic,gap_years,0.2862803041934967
synthetic,experience_years,0.850581705570221
synthetic,education_level,0.7814648747444153
synthetic,screening_score,0.5858621001243591
synthetic,negotiation,0.7466182112693787
synthetic,skills,0.6600201725959778
synthetic,gap_years,0.7269642949104309
synthetic,experience_years,0.7151045203208923
synthetic,education_level,0.5543606281280518
synthetic,screening_score,0.489947110414505
synthetic,negotiation,0.643089771270752
synthetic,skills,0.5870087742805481
synthetic,gap_years,0.5805895328521729
synthetic,experience_years,0.7215806841850281
synthetic,education_level,0.6612668633460999
synthetic,screening_score,0.5819404125213623
synthetic,negotiation,0.7052608132362366
synthetic,skills,0.4072954058647156
synthetic,gap_years,0.6485975384712219
synthetic,experience_years,0.17146475613117218
synthetic,education_level,0.10656016319990158
synthetic,screening_score,0.09653277695178986
synthetic,negotiation,0.0969499871134758
synthetic,skills,0.40230032801628113
synthetic,gap_years,0.10411085188388824
synthetic,experience_years,0.1371953785419464
synthetic,education_level,0.19383825361728668
synthetic,screening_score,0.23732368648052216
synthetic,negotiation,0.11869250237941742
synthetic,skills,0.5982620716094971
synthetic,gap_years,0.11496978998184204
synthetic,experience_years,0.8719342947006226
synthetic,education_level,0.8396801352500916
synthetic,screening_score,0.6319379806518555
synthetic,negotiation,0.8250154852867126
synthetic,skills,0.5012684464454651
synthetic,gap_years,0.8423518538475037
synthetic,experience_years,0.5667107105255127
synthetic,education_level,0.24013474583625793
synthetic,screening_score,0.5035462975502014
synthetic,negotiation,0.45768728852272034
synthetic,skills,0.6724570989608765
synthetic,gap_years,0.37383514642715454
synthetic,experience_years,0.4499250650405884
synthetic,education_level,0.3203010857105255
synthetic,screening_score,0.4174515902996063
synthetic,negotiation,0.3518104553222656
synthetic,skills,0.20411096513271332
synthetic,gap_years,0.38867178559303284
synthetic,experience_years,0.07424503564834595
synthetic,education_level,0.06643801927566528
synthetic,screening_score,0.057225361466407776
synthetic,negotiation,0.04828190058469772
synthetic,skills,0.10191000252962112
synthetic,gap_years,0.04869046434760094
synthetic,experience_years,0.4252746105194092
synthetic,education_level,0.3779405951499939
synthetic,screening_score,0.29883477091789246
synthetic,negotiation,0.3268193304538727
synthetic,skills,0.539344072341919
synthetic,gap_years,0.3470208942890167
synthetic,experience_years,0.6654341816902161
synthetic,education_level,0.5750600099563599
synthetic,screening_score,0.38951802253723145
synthetic,negotiation,0.6546826362609863
synthetic,skills,0.47492340207099915
synthetic,gap_years,0.6424258947372437
synthetic,experience_years,0.8782473206520081
synthetic,education_level,0.8244902491569519
synthetic,screening_score,0.8007343411445618
synthetic,negotiation,0.9124396443367004
synthetic,skills,0.3219800889492035
synthetic,gap_years,0.8167274594306946
synthetic,experience_years,0.4252806603908539
synthetic,education_level,0.20270739495754242
synthetic,screening_score,0.16088634729385376
synthetic,negotiation,0.2649010717868805
synthetic,skills,0.6485744118690491
synthetic,gap_years,0.21084661781787872
synthetic,experience_years,0.6705644726753235
synthetic,education_level,0.4833550751209259
synthetic,screening_score,0.24997183680534363
synthetic,negotiation,0.5497722625732422
synthetic,skills,0.25345224142074585
synthetic,gap_years,0.5277292728424072
synthetic,experience_years,0.06893441826105118
synthetic,education_level,0.11111367493867874
synthetic,screening_score,0.0935945212841034
synthetic,negotiation,0.05171220004558563
synthetic,skills,0.06363856047391891
synthetic,gap_years,0.040003735572099686
synthetic,experience_years,0.8056313991546631
synthetic,education_level,0.7704975008964539
synthetic,screening_score,0.6868406534194946
synthetic,negotiation,0.7622887492179871
synthetic,skills,0.7150779366493225
synthetic,gap_years,0.77857506275177
synthetic,experience_years,0.4427737891674042
synthetic,education_level,0.48645374178886414
synthetic,screening_score,0.48834073543548584
synthetic,negotiation,0.3774256408214569
synthetic,skills,0.6608481407165527
synthetic,gap_years,0.36547476053237915
synthetic,experience_years,0.49697935581207275
synthetic,education_level,0.6115183234214783
synthetic,screening_score,0.49189990758895874
synthetic,negotiation,0.49548134207725525
synthetic,skills,0.5974981188774109
synthetic,gap_years,0.5283865332603455
synthetic,experience_years,0.24083349108695984
synthetic,education_level,0.23518234491348267
synthetic,screening_score,0.3296782076358795
synthetic,negotiation,0.1750493198633194
synthetic,skills,0.28879743814468384
synthetic,gap_years,0.13141269981861115
synthetic,experience_years,0.3072347044944763
synthetic,education_level,0.18923360109329224
synthetic,screening_score,0.3077254295349121
synthetic,negotiation,0.23160387575626373
synthetic,skills,0.39203089475631714
synthetic,gap_years,0.173661470413208
synthetic,experience_years,0.3019500970840454
synthetic,education_level,0.13564616441726685
synthetic,screening_score,0.22234758734703064
synthetic,negotiation,0.20763544738292694
synthetic,skills,0.20219461619853973
synthetic,gap_years,0.2356291264295578
synthetic,experience_years,0.16329960525035858
synthetic,education_level,0.09147001802921295
synthetic,screening_score,0.18027469515800476
synthetic,negotiation,0.10170387476682663
synthetic,skills,0.23742610216140747
synthetic,gap_years,0.11677230149507523
synthetic,experience_years,0.241216778755188
synthetic,education_level,0.21440167725086212
synthetic,screening_score,0.04144836589694023
synthetic,negotiation,0.2579556107521057
synthetic,skills,0.5615251660346985
synthetic,gap_years,0.3303864002227783
synthetic,experience_years,0.6889000535011292
synthetic,education_level,0.500056803226471
synthetic,screening_score,0.6691217422485352
synthetic,negotiation,0.583587646484375
synthetic,skills,0.5837174654006958
synthetic,gap_years,0.6096554398536682
synthetic,experience_years,0.14029467105865479
synthetic,education_level,0.17140555381774902
synthetic,screening_score,0.1567457616329193
synthetic,negotiation,0.09481943398714066
synthetic,skills,0.168172225356102
synthetic,gap_years,0.10659876465797424
synthetic,experience_years,0.8229066133499146
synthetic,education_level,0.7535023093223572
synthetic,screening_score,0.6702097654342651
synthetic,negotiation,0.730522096157074
synthetic,skills,0.5056955218315125
synthetic,gap_years,0.7612162232398987
synthetic,experience_years,0.07371757924556732
synthetic,education_level,0.04942288622260094
synthetic,screening_score,0.011913646943867207
synthetic,negotiation,0.026069344952702522
synthetic,skills,0.04205269739031792
synthetic,gap_years,0.023784346878528595
synthetic,experience_years,0.7725074291229248
synthetic,education_level,0.5980492830276489
synthetic,screening_score,0.7940648794174194
synthetic,negotiation,0.741807758808136
synthetic,skills,0.3411896526813507
synthetic,gap_years,0.6805415153503418
synthetic,experience_years,0.12945429980754852
synthetic,education_level,0.2920719087123871
synthetic,screening_score,0.08987045288085938
synthetic,negotiation,0.07440295070409775
synthetic,skills,0.06818555295467377
synthetic,gap_years,0.08035169541835785
synthetic,experience_years,0.656980574131012
synthetic,education_level,0.5736742615699768
synthetic,screening_score,0.6175814867019653
synthetic,negotiation,0.7042153477668762
synthetic,skills,0.6263145804405212
synthetic,gap_years,0.5724454522132874
synthetic,experience_years,0.4158113896846771
synthetic,education_level,0.22300030291080475
synthetic,screening_score,0.20053337514400482
synthetic,negotiation,0.2367321103811264
synthetic,skills,0.5362674593925476
synthetic,gap_years,0.19569054245948792
synthetic,experience_years,0.26550236344337463
synthetic,education_level,0.29455336928367615
synthetic,screening_score,0.2293906807899475
synthetic,negotiation,0.19396790862083435
synthetic,skills,0.027179701253771782
synthetic,gap_years,0.19321104884147644
synthetic,experience_years,0.22485248744487762
synthetic,education_level,0.26691070199012756
synthetic,screening_score,0.05283041298389435
synthetic,negotiation,0.18073871731758118
synthetic,skills,0.1955016404390335
synthetic,gap_years,0.15154315531253815
synthetic,experience_years,0.738126814365387
synthetic,education_level,0.5725274682044983
synthetic,screening_score,0.5575016736984253
synthetic,negotiation,0.546645998954773
synthetic,skills,0.47502678632736206
synthetic,gap_years,0.6025925278663635
synthetic,experience_years,0.31659966707229614
synthetic,education_level,0.15594056248664856
synthetic,screening_score,0.23489336669445038
synthetic,negotiation,0.24112778902053833
synthetic,skills,0.028834545984864235
synthetic,gap_years,0.2651439607143402
synthetic,experience_years,0.2178002893924713
synthetic,education_level,0.22418341040611267
synthetic,screening_score,0.49567702412605286
synthetic,negotiation,0.147070974111557
synthetic,skills,0.4138093888759613
synthetic,gap_years,0.11719682067632675
synthetic,experience_years,0.8351551294326782
synthetic,education_level,0.7147772908210754
synthetic,screening_score,0.5608029961585999
synthetic,negotiation,0.768322765827179
synthetic,skills,0.7526882886886597
synthetic,gap_years,0.7641348242759705
synthetic,experience_years,0.15998491644859314
synthetic,education_level,0.150076761841774
synthetic,screening_score,0.2001619189977646
synthetic,negotiation,0.093848317861557
synthetic,skills,0.08516009896993637
synthetic,gap_years,0.08585713803768158
synthetic,experience_years,0.47417548298835754
synthetic,education_level,0.48207852244377136
synthetic,screening_score,0.6319679021835327
synthetic,negotiation,0.4872515797615051
synthetic,skills,0.41488125920295715
synthetic,gap_years,0.4222943186759949
synthetic,experience_years,0.41027742624282837
synthetic,education_level,0.4373162090778351
synthetic,screening_score,0.09976056963205338
synthetic,negotiation,0.22369511425495148
synthetic,skills,0.04168063402175903
synthetic,gap_years,0.24157442152500153
synthetic,experience_years,0.5710607171058655
synthetic,education_level,0.5274315476417542
synthetic,screening_score,0.3875313401222229
synthetic,negotiation,0.45499637722969055
synthetic,skills,0.8126212358474731
synthetic,gap_years,0.45117294788360596
synthetic,experience_years,0.06173233315348625
synthetic,education_level,0.030776744708418846
synthetic,screening_score,0.104579396545887
synthetic,negotiation,0.030019180849194527
synthetic,skills,0.15138399600982666
synthetic,gap_years,0.03652322664856911
synthetic,experience_years,0.6968594789505005
synthetic,education_level,0.624779462814331
synthetic,screening_score,0.6056968569755554
synthetic,negotiation,0.5285081267356873
synthetic,skills,0.29302945733070374
synthetic,gap_years,0.6024542450904846
synthetic,experience_years,0.22461546957492828
synthetic,education_level,0.11788029968738556
synthetic,screening_score,0.1846773326396942
synthetic,negotiation,0.19199874997138977
synthetic,skills,0.18330958485603333
synthetic,gap_years,0.19661104679107666
synthetic,experience_years,0.5901715159416199
synthetic,education_level,0.4533054232597351
synthetic,screening_score,0.6192083954811096
synthetic,negotiation,0.45718422532081604
synthetic,skills,0.45578688383102417
synthetic,gap_years,0.5451425909996033
synthetic,experience_years,0.4558054506778717
synthetic,education_level,0.4342011511325836
synthetic,screening_score,0.21644799411296844
synthetic,negotiation,0.4205039441585541
synthetic,skills,0.3505845069885254
synthetic,gap_years,0.3700273036956787
synthetic,experience_years,0.04397173970937729
synthetic,education_level,0.06451284140348434
synthetic,screening_score,0.004540920723229647
synthetic,negotiation,0.0291507039219141
synthetic,skills,0.011180408298969269
synthetic,gap_years,0.027945738285779953
synthetic,experience_years,0.21981054544448853
synthetic,education_level,0.13412748277187347
synthetic,screening_score,0.033097878098487854
synthetic,negotiation,0.2465675324201584
synthetic,skills,0.19571058452129364
synthetic,gap_years,0.19560709595680237
synthetic,experience_years,0.282532662153244
synthetic,education_level,0.2718079388141632
synthetic,screening_score,0.15062984824180603
synthetic,negotiation,0.16853347420692444
synthetic,skills,0.14117683470249176
synthetic,gap_years,0.1509847342967987
synthetic,experience_years,0.1951877623796463
synthetic,education_level,0.23737011849880219
synthetic,screening_score,0.010434795171022415
synthetic,negotiation,0.21544340252876282
synthetic,skills,0.41063567996025085
synthetic,gap_years,0.10512783378362656
synthetic,experience_years,0.21623577177524567
synthetic,education_level,0.1159217357635498
synthetic,screening_score,0.3469342589378357
synthetic,negotiation,0.20567141473293304
synthetic,skills,0.14718669652938843
synthetic,gap_years,0.1716383695602417
synthetic,experience_years,0.3802525997161865
synthetic,education_level,0.38057228922843933
synthetic,screening_score,0.4614655673503876
synthetic,negotiation,0.20037759840488434
synthetic,skills,0.7829700708389282
synthetic,gap_years,0.28130635619163513
synthetic,experience_years,0.35663041472435
synthetic,education_level,0.18912330269813538
synthetic,screening_score,0.24599501490592957
synthetic,negotiation,0.16926588118076324
synthetic,skills,0.4518834948539734
synthetic,gap_years,0.22440917789936066
synthetic,experience_years,0.2584996521472931
synthetic,education_level,0.17238853871822357
synthetic,screening_score,0.42774325609207153
synthetic,negotiation,0.11050081998109818
synthetic,skills,0.7254984974861145
synthetic,gap_years,0.11396510899066925
synthetic,experience_years,0.047278787940740585
synthetic,education_level,0.025624698027968407
synthetic,screening_score,0.0035201970022171736
synthetic,negotiation,0.021593304350972176
synthetic,skills,0.003802322316914797
synthetic,gap_years,0.015569484792649746
synthetic,experience_years,0.6759862899780273
synthetic,education_level,0.42373573780059814
synthetic,screening_score,0.4792148470878601
synthetic,negotiation,0.41551026701927185
synthetic,skills,0.35334309935569763
synthetic,gap_years,0.45488476753234863
synthetic,experience_years,0.3220316469669342
synthetic,education_level,0.2954972982406616
synthetic,screening_score,0.23834338784217834
synthetic,negotiation,0.23169079422950745
synthetic,skills,0.5324008464813232
synthetic,gap_years,0.22339770197868347
synthetic,experience_years,0.351035475730896
synthetic,education_level,0.4695843458175659
synthetic,screening_score,0.2916211187839508
synthetic,negotiation,0.3319338262081146
synthetic,skills,0.5615414381027222
synthetic,gap_years,0.27541065216064453
synthetic,experience_years,0.2661120593547821
synthetic,education_level,0.4200485348701477
synthetic,screening_score,0.20481380820274353
synthetic,negotiation,0.1689349263906479
synthetic,skills,0.3887927532196045
synthetic,gap_years,0.2543462812900543
synthetic,experience_years,0.5236271619796753
synthetic,education_level,0.4108916223049164
synthetic,screening_score,0.28634849190711975
synthetic,negotiation,0.477816641330719
synthetic,skills,0.42552968859672546
synthetic,gap_years,0.5015212893486023
synthetic,experience_years,0.20582373440265656
synthetic,education_level,0.1965389847755432
synthetic,screening_score,0.23692955076694489
synthetic,negotiation,0.11898777633905411
synthetic,skills,0.12700319290161133
synthetic,gap_years,0.07994090020656586
synthetic,experience_years,0.23919421434402466
synthetic,education_level,0.11339110881090164
synthetic,screening_score,0.20078177750110626
synthetic,negotiation,0.19713610410690308
synthetic,skills,0.4145151674747467
synthetic,gap_years,0.16912855207920074
synthetic,experience_years,0.08727607876062393
synthetic,education_level,0.06466399878263474
synthetic,screening_score,0.04998471587896347
synthetic,negotiation,0.022359026595950127
synthetic,skills,0.022568969056010246
synthetic,gap_years,0.034468717873096466
synthetic,experience_years,0.4288750886917114
synthetic,education_level,0.5368837118148804
synthetic,screening_score,0.7744308710098267
synthetic,negotiation,0.4603347182273865
synthetic,skills,0.2738877236843109
synthetic,gap_years,0.4046262204647064
synthetic,experience_years,0.20453377068042755
synthetic,education_level,0.1919984370470047
synthetic,screening_score,0.11564498394727707
synthetic,negotiation,0.2820650637149811
synthetic,skills,0.1117497906088829
synthetic,gap_years,0.14042921364307404
synthetic,experience_years,0.40755966305732727
synthetic,education_level,0.4276411235332489
synthetic,screening_score,0.26609793305397034
synthetic,negotiation,0.3179246783256531
synthetic,skills,0.15276958048343658
synthetic,gap_years,0.3015037775039673
synthetic,experience_years,0.578485369682312
synthetic,education_level,0.39864134788513184
synthetic,screening_score,0.4402555823326111
synthetic,negotiation,0.5154221653938293
synthetic,skills,0.7597169876098633
synthetic,gap_years,0.5200170874595642
synthetic,experience_years,0.1823965162038803
synthetic,education_level,0.05605039373040199
synthetic,screening_score,0.040315549820661545
synthetic,negotiation,0.1031607985496521
synthetic,skills,0.10753800719976425
synthetic,gap_years,0.1295970380306244
synthetic,experience_years,0.6709547638893127
synthetic,education_level,0.6568044424057007
synthetic,screening_score,0.6249793767929077
synthetic,negotiation,0.6324473023414612
synthetic,skills,0.6297370791435242
synthetic,gap_years,0.5953347086906433
synthetic,experience_years,0.28988736867904663
synthetic,education_level,0.25003552436828613
synthetic,screening_score,0.2739359736442566
synthetic,negotiation,0.1557934433221817
synthetic,skills,0.41217342019081116
synthetic,gap_years,0.14765480160713196
synthetic,experience_years,0.25470098853111267
synthetic,education_level,0.23636125028133392
synthetic,screening_score,0.379932701587677
synthetic,negotiation,0.2320503145456314
synthetic,skills,0.5310965180397034
synthetic,gap_years,0.23110570013523102
synthetic,experience_years,0.7227298021316528
synthetic,education_level,0.7177284955978394
synthetic,screening_score,0.6260581612586975
synthetic,negotiation,0.5878297090530396
synthetic,skills,0.5343464612960815
synthetic,gap_years,0.6696723699569702
synthetic,experience_years,0.5104449391365051
synthetic,education_level,0.21964256465435028
synthetic,screening_score,0.4224003851413727
synthetic,negotiation,0.24973809719085693
synthetic,skills,0.4839101731777191
synthetic,gap_years,0.3320268988609314
synthetic,experience_years,0.6799504160881042
synthetic,education_level,0.6019124984741211
synthetic,screening_score,0.6525774002075195
synthetic,negotiation,0.6694539785385132
synthetic,skills,0.4324928820133209
synthetic,gap_years,0.6259663701057434
synthetic,experience_years,0.19058147072792053
synthetic,education_level,0.05098013952374458
synthetic,screening_score,0.2512686550617218
synthetic,negotiation,0.10248064249753952
synthetic,skills,0.5422589182853699
synthetic,gap_years,0.1006663367152214
synthetic,experience_years,0.07385572046041489
synthetic,education_level,0.0852779969573021
synthetic,screening_score,0.03635285422205925
synthetic,negotiation,0.03333963826298714
synthetic,skills,0.08958147466182709
synthetic,gap_years,0.03571925312280655
synthetic,experience_years,0.1927914321422577
synthetic,education_level,0.25470879673957825
synthetic,screening_score,0.13237018883228302
synthetic,negotiation,0.16494154930114746
synthetic,skills,0.1533113420009613
synthetic,gap_years,0.14102356135845184
synthetic,experience_years,0.4302947521209717
synthetic,education_level,0.3909198045730591
synthetic,screening_score,0.49070850014686584
synthetic,negotiation,0.22293420135974884
synthetic,skills,0.5438766479492188
synthetic,gap_years,0.2867300510406494
synthetic,experience_years,0.25447577238082886
synthetic,education_level,0.503442645072937
synthetic,screening_score,0.13182131946086884
synthetic,negotiation,0.4027692377567291
synthetic,skills,0.058683741837739944
synthetic,gap_years,0.3062341511249542
synthetic,experience_years,0.7170649766921997
synthetic,education_level,0.704571008682251
synthetic,screening_score,0.6707008481025696
synthetic,negotiation,0.7056355476379395
synthetic,skills,0.45875582098960876
synthetic,gap_years,0.6912593245506287
synthetic,experience_years,0.708203911781311
synthetic,education_level,0.740974485874176
synthetic,screening_score,0.6564981341362
synthetic,negotiation,0.6527925133705139
synthetic,skills,0.7431036829948425
synthetic,gap_years,0.6347788572311401
synthetic,experience_years,0.33034011721611023
synthetic,education_level,0.1455783098936081
synthetic,screening_score,0.3664797842502594
synthetic,negotiation,0.2152395099401474
synthetic,skills,0.4401645362377167
synthetic,gap_years,0.22507184743881226
synthetic,experience_years,0.13490015268325806
synthetic,education_level,0.15456481277942657
synthetic,screening_score,0.18505077064037323
synthetic,negotiation,0.03907699137926102
synthetic,skills,0.1532100886106491
synthetic,gap_years,0.1541319638490677
synthetic,experience_years,0.6590700745582581
synthetic,education_level,0.6050042510032654
synthetic,screening_score,0.70113205909729
synthetic,negotiation,0.5119315981864929
synthetic,skills,0.39739495515823364
synthetic,gap_years,0.5350359082221985
synthetic,experience_years,0.4941297769546509
synthetic,education_level,0.5386192202568054
synthetic,screening_score,0.49104923009872437
synthetic,negotiation,0.3843671977519989
synthetic,skills,0.1306859254837036
synthetic,gap_years,0.5298439264297485
synthetic,experience_years,0.852149486541748
synthetic,education_level,0.7952620387077332
synthetic,screening_score,0.8102675080299377
synthetic,negotiation,0.7965812683105469
synthetic,skills,0.5314187407493591
synthetic,gap_years,0.7653148770332336
synthetic,experience_years,0.11886665225028992
synthetic,education_level,0.09421902149915695
synthetic,screening_score,0.19473765790462494
synthetic,negotiation,0.09395082294940948
synthetic,skills,0.6598143577575684
synthetic,gap_years,0.07829448580741882
synthetic,experience_years,0.3548559844493866
synthetic,education_level,0.14766283333301544
synthetic,screening_score,0.38176897168159485
synthetic,negotiation,0.3329930305480957
synthetic,skills,0.5693637728691101
synthetic,gap_years,0.14795103669166565
synthetic,experience_years,0.08789566159248352
synthetic,education_level,0.08769961446523666
synthetic,screening_score,0.042453888803720474
synthetic,negotiation,0.07916364818811417
synthetic,skills,0.064320869743824
synthetic,gap_years,0.05300455167889595
synthetic,experience_years,0.3982907235622406
synthetic,education_level,0.39276590943336487
synthetic,screening_score,0.31736916303634644
synthetic,negotiation,0.3841487169265747
synthetic,skills,0.5754773020744324
synthetic,gap_years,0.3841487169265747
synthetic,experience_years,0.6744915246963501
synthetic,education_level,0.706605076789856
synthetic,screening_score,0.3985471725463867
synthetic,negotiation,0.6183996200561523
synthetic,skills,0.2065519243478775
synthetic,gap_years,0.6064705848693848
synthetic,experience_years,0.19927683472633362
synthetic,education_level,0.2969587445259094
synthetic,screening_score,0.15932297706604004
synthetic,negotiation,0.20535139739513397
synthetic,skills,0.1695811003446579
synthetic,gap_years,0.1614842712879181
synthetic,experience_years,0.09185262024402618
synthetic,education_level,0.059616994112730026
synthetic,screening_score,0.14031684398651123
synthetic,negotiation,0.057726968079805374
synthetic,skills,0.11988485604524612
synthetic,gap_years,0.053036563098430634
synthetic,experience_years,0.1848590224981308
synthetic,education_level,0.11636612564325333
synthetic,screening_score,0.1922265589237213
synthetic,negotiation,0.1783965528011322
synthetic,skills,0.1483267843723297
synthetic,gap_years,0.17208945751190186
synthetic,experience_years,0.6265392899513245
synthetic,education_level,0.4703749120235443
synthetic,screening_score,0.5992081761360168
synthetic,negotiation,0.6176366209983826
synthetic,skills,0.4675537347793579
synthetic,gap_years,0.5679245591163635
synthetic,experience_years,0.5569494366645813
synthetic,education_level,0.38833609223365784
synthetic,screening_score,0.49680817127227783
synthetic,negotiation,0.47926488518714905
synthetic,skills,0.8288239240646362
synthetic,gap_years,0.5039544701576233
synthetic,experience_years,0.7067313194274902
synthetic,education_level,0.44955551624298096
synthetic,screening_score,0.8315412998199463
synthetic,negotiation,0.4499940872192383
synthetic,skills,0.5923321843147278
synthetic,gap_years,0.5173313617706299
synthetic,experience_years,0.3129288852214813
synthetic,education_level,0.39295732975006104
synthetic,screening_score,0.4200948178768158
synthetic,negotiation,0.33202049136161804
synthetic,skills,0.39920884370803833
synthetic,gap_years,0.3251066207885742
synthetic,experience_years,0.01755451038479805
synthetic,education_level,0.042370691895484924
synthetic,screening_score,0.04240012913942337
synthetic,negotiation,0.056220393627882004
synthetic,skills,0.012065818533301353
synthetic,gap_years,0.056533992290496826
synthetic,experience_years,0.4273691177368164
synthetic,education_level,0.5570822358131409
synthetic,screening_score,0.13134460151195526
synthetic,negotiation,0.3656531274318695
synthetic,skills,0.07284890860319138
synthetic,gap_years,0.42403843998908997
synthetic,experience_years,0.5826102495193481
synthetic,education_level,0.46832117438316345
synthetic,screening_score,0.17643317580223083
synthetic,negotiation,0.416782408952713
synthetic,skills,0.32894986867904663
synthetic,gap_years,0.45026201009750366
synthetic,experience_years,0.5295087695121765
synthetic,education_level,0.41899412870407104
synthetic,screening_score,0.4212972819805145
synthetic,negotiation,0.5288547277450562
synthetic,skills,0.4713863730430603
synthetic,gap_years,0.5131261348724365
synthetic,experience_years,0.24177244305610657
synthetic,education_level,0.10140413045883179
synthetic,screening_score,0.32656413316726685
synthetic,negotiation,0.20206303894519806
synthetic,skills,0.24299192428588867
synthetic,gap_years,0.176680326461792
synthetic,experience_years,0.25429484248161316
synthetic,education_level,0.2799731492996216
synthetic,screening_score,0.08369362354278564
synthetic,negotiation,0.16526640951633453
synthetic,skills,0.10569101572036743
synthetic,gap_years,0.16790266335010529
synthetic,experience_years,0.5090643167495728
synthetic,education_level,0.2932296693325043
synthetic,screening_score,0.34962671995162964
synthetic,negotiation,0.4629781246185303
synthetic,skills,0.3457029163837433
synthetic,gap_years,0.4470769166946411
synthetic,experience_years,0.7093418836593628
synthetic,education_level,0.5594256520271301
synthetic,screening_score,0.46493518352508545
synthetic,negotiation,0.5907424092292786
synthetic,skills,0.3274942636489868
synthetic,gap_years,0.5983582139015198
synthetic,experience_years,0.18874481320381165
synthetic,education_level,0.0998171716928482
synthetic,screening_score,0.2611379623413086
synthetic,negotiation,0.1875377595424652
synthetic,skills,0.12308264523744583
synthetic,gap_years,0.17199614644050598
synthetic,experience_years,0.42399752140045166
synthetic,education_level,0.5551037788391113
synthetic,screening_score,0.4908612072467804
synthetic,negotiation,0.48078158497810364
synthetic,skills,0.10053735226392746
synthetic,gap_years,0.39122167229652405
synthetic,experience_years,0.33844634890556335
synthetic,education_level,0.2712617814540863
synthetic,screening_score,0.3497837781906128
synthetic,negotiation,0.35428136587142944
synthetic,skills,0.8368090391159058
synthetic,gap_years,0.34755340218544006
synthetic,experience_years,0.40993186831474304
synthetic,education_level,0.4047796428203583
synthetic,screening_score,0.24778608977794647
synthetic,negotiation,0.33370208740234375
synthetic,skills,0.3936188817024231
synthetic,gap_years,0.291628360748291
synthetic,experience_years,0.11615152657032013
synthetic,education_level,0.08329196274280548
synthetic,screening_score,0.054727863520383835
synthetic,negotiation,0.036162134259939194
synthetic,skills,0.263577401638031
synthetic,gap_years,0.04372943937778473
synthetic,experience_years,0.20581771433353424
synthetic,education_level,0.05419376492500305
synthetic,screening_score,0.11420368403196335
synthetic,negotiation,0.11130286008119583
synthetic,skills,0.1393100619316101
synthetic,gap_years,0.11145495623350143
synthetic,experience_years,0.627037525177002
synthetic,education_level,0.454430490732193
synthetic,screening_score,0.4258595108985901
synthetic,negotiation,0.6144760251045227
synthetic,skills,0.5697866678237915
synthetic,gap_years,0.5670245885848999
synthetic,experience_years,0.02873823791742325
synthetic,education_level,0.015926863998174667
synthetic,screening_score,0.00352476816624403
synthetic,negotiation,0.016475992277264595
synthetic,skills,0.0029558446258306503
synthetic,gap_years,0.020854108035564423
synthetic,experience_years,0.7947973012924194
synthetic,education_level,0.6251088380813599
synthetic,screening_score,0.773072361946106
synthetic,negotiation,0.5819875597953796
synthetic,skills,0.7029632329940796
synthetic,gap_years,0.6144225597381592
synthetic,experience_years,0.620992124080658
synthetic,education_level,0.48047757148742676
synthetic,screening_score,0.40113118290901184
synthetic,negotiation,0.5500340461730957
synthetic,skills,0.5781187415122986
synthetic,gap_years,0.529173731803894
synthetic,experience_years,0.39568305015563965
synthetic,education_level,0.27658411860466003
synthetic,screening_score,0.4699651002883911
synthetic,negotiation,0.22949965298175812
synthetic,skills,0.4876810312271118
synthetic,gap_years,0.18747878074645996
synthetic,experience_years,0.14210984110832214
synthetic,education_level,0.19025373458862305
synthetic,screening_score,0.5406932234764099
synthetic,negotiation,0.1529632955789566
synthetic,skills,0.38266146183013916
synthetic,gap_years,0.12948140501976013
synthetic,experience_years,0.13393360376358032
synthetic,education_level,0.0597948282957077
synthetic,screening_score,0.36069735884666443
synthetic,negotiation,0.07047789543867111
synthetic,skills,0.36591827869415283
synthetic,gap_years,0.07659299671649933
synthetic,experience_years,0.7153592705726624
synthetic,education_level,0.7080801725387573
synthetic,screening_score,0.6822681427001953
synthetic,negotiation,0.6614705324172974
synthetic,skills,0.7039721608161926
synthetic,gap_years,0.7011787295341492
synthetic,experience_years,0.468794047832489
synthetic,education_level,0.3892486095428467
synthetic,screening_score,0.7236810922622681
synthetic,negotiation,0.44764846563339233
synthetic,skills,0.43342843651771545
synthetic,gap_years,0.47091707587242126
synthetic,experience_years,0.27352607250213623
synthetic,education_level,0.12821932137012482
synthetic,screening_score,0.4092356860637665
synthetic,negotiation,0.2625744342803955
synthetic,skills,0.5727877020835876
synthetic,gap_years,0.1934460550546646
synthetic,experience_years,0.4687553644180298
synthetic,education_level,0.21121980249881744
synthetic,screening_score,0.5570905804634094
synthetic,negotiation,0.36581194400787354
synthetic,skills,0.5180380940437317
synthetic,gap_years,0.3641956150531769
synthetic,experience_years,0.331504225730896
synthetic,education_level,0.28600117564201355
synthetic,screening_score,0.40291526913642883
synthetic,negotiation,0.3239234983921051
synthetic,skills,0.33231422305107117
synthetic,gap_years,0.325830340385437
synthetic,experience_years,0.37568071484565735
synthetic,education_level,0.15861690044403076
synthetic,screening_score,0.24546760320663452
synthetic,negotiation,0.1773371398448944
synthetic,skills,0.6156270503997803
synthetic,gap_years,0.24724355340003967
synthetic,experience_years,0.45525506138801575
synthetic,education_level,0.5400038957595825
synthetic,screening_score,0.38879483938217163
synthetic,negotiation,0.38316610455513
synthetic,skills,0.11100170761346817
synthetic,gap_years,0.390910804271698
synthetic,experience_years,0.4105989634990692
synthetic,education_level,0.5003581047058105
synthetic,screening_score,0.7007573246955872
synthetic,negotiation,0.32034313678741455
synthetic,skills,0.6240268349647522
synthetic,gap_years,0.38340237736701965
synthetic,experience_years,0.8491078615188599
synthetic,education_level,0.7928321957588196
synthetic,screening_score,0.694839596748352
synthetic,negotiation,0.8176130652427673
synthetic,skills,0.7022310495376587
synthetic,gap_years,0.8033913969993591
synthetic,experience_years,0.6273002028465271
synthetic,education_level,0.37501779198646545
synthetic,screening_score,0.3673739731311798
synthetic,negotiation,0.4966627359390259
synthetic,skills,0.6680663228034973
synthetic,gap_years,0.48829811811447144
synthetic,experience_years,0.8079650402069092
synthetic,education_level,0.7063185572624207
synthetic,screening_score,0.5946916937828064
synthetic,negotiation,0.5412313938140869
synthetic,skills,0.6932706832885742
synthetic,gap_years,0.7007201313972473
synthetic,experience_years,0.2927778959274292
synthetic,education_level,0.23388496041297913
synthetic,screening_score,0.42653945088386536
synthetic,negotiation,0.21110670268535614
synthetic,skills,0.2025308758020401
synthetic,gap_years,0.21266986429691315
synthetic,experience_years,0.09377308934926987
synthetic,education_level,0.13510838150978088
synthetic,screening_score,0.20045176148414612
synthetic,negotiation,0.05901717767119408
synthetic,skills,0.16937705874443054
synthetic,gap_years,0.07077927887439728
synthetic,experience_years,0.0946672260761261
synthetic,education_level,0.22416673600673676
synthetic,screening_score,0.10532348603010178
synthetic,negotiation,0.08871761709451675
synthetic,skills,0.4498681128025055
synthetic,gap_years,0.07142835855484009
synthetic,experience_years,0.2386455237865448
synthetic,education_level,0.4430290162563324
synthetic,screening_score,0.23452456295490265
synthetic,negotiation,0.17856451869010925
synthetic,skills,0.20968282222747803
synthetic,gap_years,0.19190119206905365
synthetic,experience_years,0.23006020486354828
synthetic,education_level,0.2501973807811737
synthetic,screening_score,0.2955145239830017
synthetic,negotiation,0.1627761274576187
synthetic,skills,0.1606152504682541
synthetic,gap_years,0.17029044032096863
synthetic,experience_years,0.5763610005378723
synthetic,education_level,0.5479142069816589
synthetic,screening_score,0.46150752902030945
synthetic,negotiation,0.46150752902030945
synthetic,skills,0.44110333919525146
synthetic,gap_years,0.4937187135219574
synthetic,experience_years,0.4583267569541931
synthetic,education_level,0.48131024837493896
synthetic,screening_score,0.3411099314689636
synthetic,negotiation,0.35815203189849854
synthetic,skills,0.4092104136943817
synthetic,gap_years,0.35984015464782715
synthetic,experience_years,0.1522318422794342
synthetic,education_level,0.04567033052444458
synthetic,screening_score,0.19896307587623596
synthetic,negotiation,0.06205560266971588
synthetic,skills,0.5095042586326599
synthetic,gap_years,0.06491892784833908
synthetic,experience_years,0.21335311233997345
synthetic,education_level,0.09822823852300644
synthetic,screening_score,0.4345947206020355
synthetic,negotiation,0.18898645043373108
synthetic,skills,0.18305878341197968
synthetic,gap_years,0.1493997722864151
synthetic,experience_years,0.07695067673921585
synthetic,education_level,0.07026761025190353
synthetic,screening_score,0.07199553400278091
synthetic,negotiation,0.049529895186424255
synthetic,skills,0.10860045999288559
synthetic,gap_years,0.05609923228621483
synthetic,experience_years,0.12692168354988098
synthetic,education_level,0.07647810876369476
synthetic,screening_score,0.03644711896777153
synthetic,negotiation,0.09448235481977463
synthetic,skills,0.06201820448040962
synthetic,gap_years,0.10571150481700897
synthetic,experience_years,0.13925810158252716
synthetic,education_level,0.21332935988903046
synthetic,screening_score,0.2597982585430145
synthetic,negotiation,0.13087527453899384
synthetic,skills,0.44915035367012024
synthetic,gap_years,0.13578270375728607
synthetic,experience_years,0.20517906546592712
synthetic,education_level,0.13026155531406403
synthetic,screening_score,0.18696950376033783
synthetic,negotiation,0.13949403166770935
synthetic,skills,0.527764081954956
synthetic,gap_years,0.19508911669254303
synthetic,experience_years,0.3927847146987915
synthetic,education_level,0.1661308854818344
synthetic,screening_score,0.08110813796520233
synthetic,negotiation,0.2734682559967041
synthetic,skills,0.23769035935401917
synthetic,gap_years,0.24688391387462616
synthetic,experience_years,0.20392847061157227
synthetic,education_level,0.04906744137406349
synthetic,screening_score,0.22376614809036255
synthetic,negotiation,0.11201741546392441
synthetic,skills,0.148239865899086
synthetic,gap_years,0.08329756557941437
synthetic,experience_years,0.24061129987239838
synthetic,education_level,0.13504251837730408
synthetic,screening_score,0.35004642605781555
synthetic,negotiation,0.2150108367204666
synthetic,skills,0.4913782477378845
synthetic,gap_years,0.24231037497520447
synthetic,experience_years,0.6827927231788635
synthetic,education_level,0.6371623277664185
synthetic,screening_score,0.6868475675582886
synthetic,negotiation,0.669352650642395
synthetic,skills,0.6758933067321777
synthetic,gap_years,0.7172097563743591
synthetic,experience_years,0.6284700632095337
synthetic,education_level,0.5484689474105835
synthetic,screening_score,0.4567674994468689
synthetic,negotiation,0.433877557516098
synthetic,skills,0.43010231852531433
synthetic,gap_years,0.46942612528800964
synthetic,experience_years,0.8418998122215271
synthetic,education_level,0.8046432733535767
synthetic,screening_score,0.8330663442611694
synthetic,negotiation,0.8046432733535767
synthetic,skills,0.8177323341369629
synthetic,gap_years,0.7972562313079834
synthetic,experience_years,0.6973567605018616
synthetic,education_level,0.5742732286453247
synthetic,screening_score,0.35940009355545044
synthetic,negotiation,0.5840487480163574
synthetic,skills,0.2868063151836395
synthetic,gap_years,0.5412430763244629
synthetic,experience_years,0.13464364409446716
synthetic,education_level,0.06788717210292816
synthetic,screening_score,0.11635712534189224
synthetic,negotiation,0.1128009632229805
synthetic,skills,0.16681255400180817
synthetic,gap_years,0.11159846186637878
synthetic,experience_years,0.6724677085876465
synthetic,education_level,0.6570378541946411
synthetic,screening_score,0.6648266911506653
synthetic,negotiation,0.5534147620201111
synthetic,skills,0.5845809578895569
synthetic,gap_years,0.5902801156044006
synthetic,experience_years,0.1613737940788269
synthetic,education_level,0.17031773924827576
synthetic,screening_score,0.10724914073944092
synthetic,negotiation,0.12366726994514465
synthetic,skills,0.19382096827030182
synthetic,gap_years,0.07399030774831772
synthetic,experience_years,0.7533696293830872
synthetic,education_level,0.6118724346160889
synthetic,screening_score,0.6467291116714478
synthetic,negotiation,0.7192336916923523
synthetic,skills,0.6030112504959106
synthetic,gap_years,0.6136136054992676
synthetic,experience_years,0.14437195658683777
synthetic,education_level,0.09465108066797256
synthetic,screening_score,0.14273793995380402
synthetic,negotiation,0.1488322615623474
synthetic,skills,0.35141512751579285
synthetic,gap_years,0.14074601233005524
synthetic,experience_years,0.5407214164733887
synthetic,education_level,0.4173770844936371
synthetic,screening_score,0.49026885628700256
synthetic,negotiation,0.48574182391166687
synthetic,skills,0.43171465396881104
synthetic,gap_years,0.4868341386318207
synthetic,experience_years,0.2026505172252655
synthetic,education_level,0.12940137088298798
synthetic,screening_score,0.3819652497768402
synthetic,negotiation,0.19016067683696747
synthetic,skills,0.2593109607696533
synthetic,gap_years,0.17608633637428284
synthetic,experience_years,0.08422281593084335
synthetic,education_level,0.08167147636413574
synthetic,screening_score,0.008728353306651115
synthetic,negotiation,0.05738521367311478
synthetic,skills,0.002513010986149311
synthetic,gap_years,0.06080125272274017
synthetic,experience_years,0.42929211258888245
synthetic,education_level,0.27727505564689636
synthetic,screening_score,0.4990588426589966
synthetic,negotiation,0.27240249514579773
synthetic,skills,0.13094274699687958
synthetic,gap_years,0.36180710792541504
synthetic,experience_years,0.17313654720783234
synthetic,education_level,0.3090071380138397
synthetic,screening_score,0.2720392942428589
synthetic,negotiation,0.1173599436879158
synthetic,skills,0.41661202907562256
synthetic,gap_years,0.11337175965309143
synthetic,experience_years,0.648452639579773
synthetic,education_level,0.6819708347320557
synthetic,screening_score,0.5537301301956177
synthetic,negotiation,0.5640420317649841
synthetic,skills,0.5603967905044556
synthetic,gap_years,0.5553036332130432
synthetic,experience_years,0.05249566212296486
synthetic,education_level,0.04370946064591408
synthetic,screening_score,0.09727397561073303
synthetic,negotiation,0.04190656915307045
synthetic,skills,0.13655582070350647
synthetic,gap_years,0.038145262748003006
synthetic,experience_years,0.14079156517982483
synthetic,education_level,0.10234993696212769
synthetic,screening_score,0.18562710285186768
synthetic,negotiation,0.03872276470065117
synthetic,skills,0.39319679141044617
synthetic,gap_years,0.1095619946718216
synthetic,experience_years,0.19312722980976105
synthetic,education_level,0.05101925507187843
synthetic,screening_score,0.0045688520185649395
synthetic,negotiation,0.09908692538738251
synthetic,skills,0.10108272731304169
synthetic,gap_years,0.10073953121900558
synthetic,experience_years,0.23861180245876312
synthetic,education_level,0.11779113858938217
synthetic,screening_score,0.22776955366134644
synthetic,negotiation,0.3352937698364258
synthetic,skills,0.34660375118255615
synthetic,gap_years,0.2071174532175064
synthetic,experience_years,0.6346819996833801
synthetic,education_level,0.41278597712516785
synthetic,screening_score,0.42838093638420105
synthetic,negotiation,0.38436606526374817
synthetic,skills,0.681786835193634
synthetic,gap_years,0.4635835886001587
synthetic,experience_years,0.38503211736679077
synthetic,education_level,0.46472594141960144
synthetic,screening_score,0.30221793055534363
synthetic,negotiation,0.363599568605423
synthetic,skills,0.24110646545886993
synthetic,gap_years,0.3976738154888153
synthetic,experience_years,0.5471837520599365
synthetic,education_level,0.37533149123191833
synthetic,screening_score,0.26666945219039917
synthetic,negotiation,0.27065253257751465
synthetic,skills,0.28073257207870483
synthetic,gap_years,0.3073866367340088
synthetic,experience_years,0.2827364206314087
synthetic,education_level,0.1798684149980545
synthetic,screening_score,0.2432626485824585
synthetic,negotiation,0.21984688937664032
synthetic,skills,0.163885235786438
synthetic,gap_years,0.22055283188819885
synthetic,experience_years,0.1474994570016861
synthetic,education_level,0.10688942670822144
synthetic,screening_score,0.2943534553050995
synthetic,negotiation,0.08667643368244171
synthetic,skills,0.5832394361495972
synthetic,gap_years,0.07981815189123154
synthetic,experience_years,0.3666391968727112
synthetic,education_level,0.5636846423149109
synthetic,screening_score,0.6656150817871094
synthetic,negotiation,0.4015761911869049
synthetic,skills,0.7563168406486511
synthetic,gap_years,0.32132190465927124
synthetic,experience_years,0.5586853623390198
synthetic,education_level,0.3535692095756531
synthetic,screening_score,0.5698131918907166
synthetic,negotiation,0.5352407693862915
synthetic,skills,0.5186190605163574
synthetic,gap_years,0.5325392484664917
synthetic,experience_years,0.5832851529121399
synthetic,education_level,0.4107022285461426
synthetic,screening_score,0.47882238030433655
synthetic,negotiation,0.5689001679420471
synthetic,skills,0.29587119817733765
synthetic,gap_years,0.5448657870292664
synthetic,experience_years,0.24061129987239838
synthetic,education_level,0.1309799998998642
synthetic,screening_score,0.47292983531951904
synthetic,negotiation,0.202546626329422
synthetic,skills,0.5191429853439331
synthetic,gap_years,0.2592533826828003
synthetic,experience_years,0.7566002607345581
synthetic,education_level,0.6076561212539673
synthetic,screening_score,0.6849589347839355
synthetic,negotiation,0.6440268754959106
synthetic,skills,0.5452523231506348
synthetic,gap_years,0.6856127977371216
synthetic,experience_years,0.10000396519899368
synthetic,education_level,0.0610802136361599
synthetic,screening_score,0.09878088533878326
synthetic,negotiation,0.13289013504981995
synthetic,skills,0.1791907250881195
synthetic,gap_years,0.1375422477722168
synthetic,experience_years,0.08111567795276642
synthetic,education_level,0.07732244580984116
synthetic,screening_score,0.043347664177417755
synthetic,negotiation,0.044450778514146805
synthetic,skills,0.07047557085752487
synthetic,gap_years,0.04092509299516678
synthetic,experience_years,0.4066428244113922
synthetic,education_level,0.4398144781589508
synthetic,screening_score,0.4466298818588257
synthetic,negotiation,0.29172244668006897
synthetic,skills,0.3638400435447693
synthetic,gap_years,0.3704797029495239
synthetic,experience_years,0.08880418539047241
synthetic,education_level,0.08552438765764236
synthetic,screening_score,0.04991944134235382
synthetic,negotiation,0.050144828855991364
synthetic,skills,0.02458244562149048
synthetic,gap_years,0.0497683547437191
synthetic,experience_years,0.4759150445461273
synthetic,education_level,0.41136881709098816
synthetic,screening_score,0.21986670792102814
synthetic,negotiation,0.25854435563087463
synthetic,skills,0.1126013994216919
synthetic,gap_years,0.257805198431015
synthetic,experience_years,0.47692787647247314
synthetic,education_level,0.33372747898101807
synthetic,screening_score,0.2284460961818695
synthetic,negotiation,0.3465608060359955
synthetic,skills,0.1657707393169403
synthetic,gap_years,0.4289647936820984
synthetic,experience_years,0.14918258786201477
synthetic,education_level,0.07466667145490646
synthetic,screening_score,0.08693508803844452
synthetic,negotiation,0.07313703000545502
synthetic,skills,0.14277279376983643
synthetic,gap_years,0.09261918812990189
synthetic,experience_years,0.14666840434074402
synthetic,education_level,0.18696361780166626
synthetic,screening_score,0.14498718082904816
synthetic,negotiation,0.12291380017995834
synthetic,skills,0.09451849013566971
synthetic,gap_years,0.13807052373886108
synthetic,experience_years,0.2250559777021408
synthetic,education_level,0.3568727374076843
synthetic,screening_score,0.20082096755504608
synthetic,negotiation,0.21910017728805542
synthetic,skills,0.17375154793262482
synthetic,gap_years,0.21553269028663635
synthetic,experience_years,0.4302947521209717
synthetic,education_level,0.3909198045730591
synthetic,screening_score,0.6074990034103394
synthetic,negotiation,0.2898378372192383
synthetic,skills,0.2501717209815979
synthetic,gap_years,0.28876304626464844
synthetic,experience_years,0.1343836635351181
synthetic,education_level,0.16552500426769257
synthetic,screening_score,0.10498405247926712
synthetic,negotiation,0.08623708784580231
synthetic,skills,0.10278806835412979
synthetic,gap_years,0.08323238044977188
synthetic,experience_years,0.23375006020069122
synthetic,education_level,0.14310571551322937
synthetic,screening_score,0.36789849400520325
synthetic,negotiation,0.23477719724178314
synthetic,skills,0.382495641708374
synthetic,gap_years,0.20967072248458862
synthetic,experience_years,0.2700924277305603
synthetic,education_level,0.1360931098461151
synthetic,screening_score,0.22301079332828522
synthetic,negotiation,0.2378685623407364
synthetic,skills,0.2378685623407364
synthetic,gap_years,0.23851291835308075
synthetic,experience_years,0.45382723212242126
synthetic,education_level,0.3360476791858673
synthetic,screening_score,0.14649029076099396
synthetic,negotiation,0.3291015625
synthetic,skills,0.3062211573123932
synthetic,gap_years,0.2043030560016632
synthetic,experience_years,0.8886046409606934
synthetic,education_level,0.9139866828918457
synthetic,screening_score,0.9009198546409607
synthetic,negotiation,0.8869550228118896
synthetic,skills,0.8962567448616028
synthetic,gap_years,0.8760559558868408
synthetic,experience_years,0.2660209536552429
synthetic,education_level,0.334439218044281
synthetic,screening_score,0.13160566985607147
synthetic,negotiation,0.21227984130382538
synthetic,skills,0.1353733241558075
synthetic,gap_years,0.2091432362794876
synthetic,experience_years,0.5011885166168213
synthetic,education_level,0.3785279095172882
synthetic,screening_score,0.5263237357139587
synthetic,negotiation,0.49515318870544434
synthetic,skills,0.5936908721923828
synthetic,gap_years,0.5019422769546509
synthetic,experience_years,0.1751977801322937
synthetic,education_level,0.12737233936786652
synthetic,screening_score,0.07205116003751755
synthetic,negotiation,0.0562373585999012
synthetic,skills,0.06658809632062912
synthetic,gap_years,0.065451979637146
synthetic,experience_years,0.24169307947158813
synthetic,education_level,0.35790231823921204
synthetic,screening_score,0.2115987241268158
synthetic,negotiation,0.19675147533416748
synthetic,skills,0.30857643485069275
synthetic,gap_years,0.18516044318675995
synthetic,experience_years,0.14593243598937988
synthetic,education_level,0.08644670993089676
synthetic,screening_score,0.022088833153247833
synthetic,negotiation,0.11920266598463058
synthetic,skills,0.25232407450675964
synthetic,gap_years,0.1282091736793518
synthetic,experience_years,0.579651951789856
synthetic,education_level,0.3170331120491028
synthetic,screening_score,0.5910478234291077
synthetic,negotiation,0.43125680088996887
synthetic,skills,0.6345929503440857
synthetic,gap_years,0.450423002243042
synthetic,experience_years,0.1810196042060852
synthetic,education_level,0.21407784521579742
synthetic,screening_score,0.3861193060874939
synthetic,negotiation,0.15795089304447174
synthetic,skills,0.5500394105911255
synthetic,gap_years,0.16552019119262695
synthetic,experience_years,0.3471004366874695
synthetic,education_level,0.18989959359169006
synthetic,screening_score,0.31844213604927063
synthetic,negotiation,0.2743538022041321
synthetic,skills,0.611027717590332
synthetic,gap_years,0.27828672528266907
synthetic,experience_years,0.5466115474700928
synthetic,education_level,0.379652738571167
synthetic,screening_score,0.4770936667919159
synthetic,negotiation,0.47642555832862854
synthetic,skills,0.4402017593383789
synthetic,gap_years,0.48715734481811523
adult,hours-per-week,0.01870029605925083
adult,education-num,0.017413904890418053
adult,capital-gain,0.0012545777717605233
adult,capital-loss,0.011511892080307007
adult,hours-per-week,0.2645934820175171
adult,education-num,0.24463212490081787
adult,capital-gain,0.012754510156810284
adult,capital-loss,0.08944376558065414
adult,hours-per-week,0.00728179095312953
adult,education-num,0.008801111951470375
adult,capital-gain,0.0005150213837623596
adult,capital-loss,0.08737031370401382
adult,hours-per-week,0.010675858706235886
adult,education-num,0.009046206250786781
adult,capital-gain,0.000662654172629118
adult,capital-loss,0.005544156767427921
adult,hours-per-week,0.15169796347618103
adult,education-num,0.08005163818597794
adult,capital-gain,0.009768799878656864
adult,capital-loss,0.10218039900064468
adult,hours-per-week,0.017130739986896515
adult,education-num,0.005734064616262913
adult,capital-gain,0.0004131508176214993
adult,capital-loss,0.0030708659905940294
adult,hours-per-week,0.02758214995265007
adult,education-num,0.031737588346004486
adult,capital-gain,0.0016124362591654062
adult,capital-loss,0.013273338787257671
adult,hours-per-week,0.01050164457410574
adult,education-num,0.003624747972935438
adult,capital-gain,0.0003302906116005033
adult,capital-loss,0.0025429707020521164
adult,hours-per-week,0.0017323573119938374
adult,education-num,0.002923478838056326
adult,capital-gain,0.0003116471925750375
adult,capital-loss,0.0021516084671020508
adult,hours-per-week,0.0012456083204597235
adult,education-num,0.0014628696953877807
adult,capital-gain,0.00015735191118437797
adult,capital-loss,0.0010762197198346257
adult,hours-per-week,0.27782055735588074
adult,education-num,0.31169891357421875
adult,capital-gain,0.03152548894286156
adult,capital-loss,0.2195276916027069
adult,hours-per-week,0.03775588050484657
adult,education-num,0.048448968678712845
adult,capital-gain,0.0025469432584941387
adult,capital-loss,0.024403532966971397
adult,hours-per-week,0.013589057140052319
adult,education-num,0.006008267402648926
adult,capital-gain,0.0003756351361516863
adult,capital-loss,0.002836169907823205
adult,hours-per-week,0.005039242096245289
adult,education-num,0.009018263779580593
adult,capital-gain,0.0006822618888691068
adult,capital-loss,0.005062346812337637
adult,hours-per-week,0.4371270537376404
adult,education-num,0.4440043568611145
adult,capital-gain,0.0489734448492527
adult,capital-loss,0.3701101243495941
adult,hours-per-week,0.047472111880779266
adult,education-num,0.011420438066124916
adult,capital-gain,0.001007343060337007
adult,capital-loss,0.007720703259110451
adult,hours-per-week,0.0019171250751242042
adult,education-num,0.003049911931157112
adult,capital-gain,0.00025149760767817497
adult,capital-loss,0.0019948987755924463
adult,hours-per-week,0.4475422203540802
adult,education-num,0.4544510245323181
adult,capital-gain,0.056959159672260284
adult,capital-loss,0.3792164623737335
adult,hours-per-week,0.037696536630392075
adult,education-num,0.03368597850203514
adult,capital-gain,0.0024359840899705887
adult,capital-loss,0.024579528719186783
adult,hours-per-week,0.13826467096805573
adult,education-num,0.06967796385288239
adult,capital-gain,0.0032745120115578175
adult,capital-loss,0.02319137565791607
adult,hours-per-week,0.47251036763191223
adult,education-num,0.45853134989738464
adult,capital-gain,0.055656131356954575
adult,capital-loss,0.37881404161453247
adult,hours-per-week,0.006913446355611086
adult,education-num,0.009203441441059113
adult,capital-gain,0.0007564090192317963
adult,capital-loss,0.004911426454782486
adult,hours-per-week,0.02019129879772663
adult,education-num,0.007238679565489292
adult,capital-gain,0.0005222950130701065
adult,capital-loss,0.003879387630149722
adult,hours-per-week,0.012327132746577263
adult,education-num,0.0029488378204405308
adult,capital-gain,0.00030304043320938945
adult,capital-loss,0.002254033926874399
adult,hours-per-week,0.06691437214612961
adult,education-num,0.0659179762005806
adult,capital-gain,0.003290860913693905
adult,capital-loss,0.03410978242754936
adult,hours-per-week,0.06578505039215088
adult,education-num,0.021832073107361794
adult,capital-gain,0.0021274741739034653
adult,capital-loss,0.016148727387189865
adult,hours-per-week,0.21318185329437256
adult,education-num,0.45853134989738464
adult,capital-gain,0.055656131356954575
adult,capital-loss,0.37881404161453247
adult,hours-per-week,0.002333452459424734
adult,education-num,0.005646098870784044
adult,capital-gain,0.0004165435384493321
adult,capital-loss,0.0034557394683361053
adult,hours-per-week,0.0008809948340058327
adult,education-num,0.005646098870784044
adult,capital-gain,0.0004165435384493321
adult,capital-loss,0.0034557394683361053
adult,hours-per-week,0.032623983919620514
adult,education-num,0.012305266223847866
adult,capital-gain,0.0011018892982974648
adult,capital-loss,0.009017620235681534
adult,hours-per-week,0.048416610807180405
adult,education-num,0.32762184739112854
adult,capital-gain,0.02877524495124817
adult,capital-loss,0.2120433747768402
adult,hours-per-week,0.1248801127076149
adult,education-num,0.1988162100315094
adult,capital-gain,0.008740156888961792
adult,capital-loss,0.08039454370737076
adult,hours-per-week,0.03775588050484657
adult,education-num,0.04803014174103737
adult,capital-gain,0.0025238743983209133
adult,capital-loss,0.024187298491597176
adult,hours-per-week,0.030750570818781853
adult,education-num,0.010346646420657635
adult,capital-gain,0.000805473595391959
adult,capital-loss,0.006605905015021563
adult,hours-per-week,0.028842011466622353
adult,education-num,0.01680569536983967
adult,capital-gain,0.0008214625413529575
adult,capital-loss,0.005540900398045778
adult,hours-per-week,0.02774692326784134
adult,education-num,0.011775301769375801
adult,capital-gain,0.0009502635803073645
adult,capital-loss,0.007010487373918295
adult,hours-per-week,0.4313618838787079
adult,education-num,0.4371270537376404
adult,capital-gain,0.04789195954799652
adult,capital-loss,0.3565276861190796
adult,hours-per-week,0.4620892405509949
adult,education-num,0.46477577090263367
adult,capital-gain,0.056991543620824814
adult,capital-loss,0.384744256734848
adult,hours-per-week,0.2645934820175171
adult,education-num,0.258635550737381
adult,capital-gain,0.013725798577070236
adult,capital-loss,0.0956890657544136
adult,hours-per-week,0.017673132941126823
adult,education-num,0.007035447284579277
adult,capital-gain,0.0005075347144156694
adult,capital-loss,0.003770112060010433
adult,hours-per-week,0.05727316439151764
adult,education-num,0.015814686194062233
adult,capital-gain,0.00174551026429981
adult,capital-loss,0.011679082177579403
adult,hours-per-week,0.4191235601902008
adult,education-num,0.37752801179885864
adult,capital-gain,0.0483095608651638
adult,capital-loss,0.35236918926239014
adult,hours-per-week,0.01954340562224388
adult,education-num,0.008283262141048908
adult,capital-gain,0.000513122882694006
adult,capital-loss,0.0038898398634046316
adult,hours-per-week,0.042639557272195816
adult,education-num,0.012116333469748497
adult,capital-gain,0.0012650808785110712
adult,capital-loss,0.008939082734286785
adult,hours-per-week,0.15788568556308746
adult,education-num,0.312432199716568
adult,capital-gain,0.03322343900799751
adult,capital-loss,0.25133880972862244
adult,hours-per-week,0.009545472450554371
adult,education-num,0.010173896327614784
adult,capital-gain,0.0006741234101355076
adult,capital-loss,0.006460202392190695
adult,hours-per-week,0.06792441755533218
adult,education-num,0.27639085054397583
adult,capital-gain,0.030522583052515984
adult,capital-loss,0.23991382122039795
adult,hours-per-week,0.06599486619234085
adult,education-num,0.019561124965548515
adult,capital-gain,0.0018163413042202592
adult,capital-loss,0.01446022093296051
adult,hours-per-week,0.2601916491985321
adult,education-num,0.343741238117218
adult,capital-gain,0.023369785398244858
adult,capital-loss,0.1837858110666275
adult,hours-per-week,0.4085090458393097
adult,education-num,0.41112220287323
adult,capital-gain,0.052447784692049026
adult,capital-loss,0.33530163764953613
adult,hours-per-week,0.015009291470050812
adult,education-num,0.013024271465837955
adult,capital-gain,0.0008167178020812571
adult,capital-loss,0.007943655364215374
adult,hours-per-week,0.16194768249988556
adult,education-num,0.05603078380227089
adult,capital-gain,0.00497036287561059
adult,capital-loss,0.04583124816417694
adult,hours-per-week,0.0048342179507017136
adult,education-num,0.005068765487521887
adult,capital-gain,0.00038130447501316667
adult,capital-loss,0.003164202207699418
adult,hours-per-week,0.014212782494723797
adult,education-num,0.0037309511099010706
adult,capital-gain,0.00034000055165961385
adult,capital-loss,0.002617561724036932
adult,hours-per-week,0.3161982297897339
adult,education-num,0.4371270537376404
adult,capital-gain,0.04789195954799652
adult,capital-loss,0.3565276861190796
adult,hours-per-week,0.06606338173151016
adult,education-num,0.015814686194062233
adult,capital-gain,0.00174551026429981
adult,capital-loss,0.011679082177579403
adult,hours-per-week,0.0011460100067779422
adult,education-num,0.0053116935305297375
adult,capital-gain,0.000496433291118592
adult,capital-loss,0.0036235065199434757
adult,hours-per-week,0.5211032032966614
adult,education-num,0.3946532905101776
adult,capital-gain,0.01883065328001976
adult,capital-loss,0.3129732012748718
adult,hours-per-week,0.1036197617650032
adult,education-num,0.08843537420034409
adult,capital-gain,0.005406725686043501
adult,capital-loss,0.05546511709690094
adult,hours-per-week,0.36331307888031006
adult,education-num,0.4096643328666687
adult,capital-gain,0.033571965992450714
adult,capital-loss,0.26601123809814453
adult,hours-per-week,0.0018019309500232339
adult,education-num,0.001286467770114541
adult,capital-gain,0.0001304141478613019
adult,capital-loss,0.0008283818024210632
adult,hours-per-week,0.46648740768432617
adult,education-num,0.292207807302475
adult,capital-gain,0.03612518683075905
adult,capital-loss,0.230378195643425
adult,hours-per-week,0.41705042123794556
adult,education-num,0.4196794331073761
adult,capital-gain,0.05082305520772934
adult,capital-loss,0.34244483709335327
adult,hours-per-week,0.02067856304347515
adult,education-num,0.006551561877131462
adult,capital-gain,0.0006014273385517299
adult,capital-loss,0.004826424643397331
adult,hours-per-week,0.030295059084892273
adult,education-num,0.02704981155693531
adult,capital-gain,0.00204690033569932
adult,capital-loss,0.020401151850819588
adult,hours-per-week,0.0043104966171085835
adult,education-num,0.017453717067837715
adult,capital-gain,0.0009075228590518236
adult,capital-loss,0.006181877572089434
adult,hours-per-week,0.009040223434567451
adult,education-num,0.009046206250786781
adult,capital-gain,0.000662654172629118
adult,capital-loss,0.005544156767427921
adult,hours-per-week,0.0021733802277594805
adult,education-num,0.0017433936009183526
adult,capital-gain,0.700089693069458
adult,capital-loss,0.0008082626736722887
adult,hours-per-week,0.14127664268016815
adult,education-num,0.38519546389579773
adult,capital-gain,0.04433180019259453
adult,capital-loss,0.3109070360660553
adult,hours-per-week,0.03699271380901337
adult,education-num,0.009022291749715805
adult,capital-gain,0.000805473595391959
adult,capital-loss,0.006605905015021563
adult,hours-per-week,0.032171785831451416
adult,education-num,0.009023156948387623
adult,capital-gain,0.0007131718448363245
adult,capital-loss,0.00548472348600626
adult,hours-per-week,0.2672099471092224
adult,education-num,0.2563799321651459
adult,capital-gain,0.01292440202087164
adult,capital-loss,0.09054148942232132
adult,hours-per-week,0.0443696454167366
adult,education-num,0.0521455816924572
adult,capital-gain,0.9876598715782166
adult,capital-loss,0.03444945067167282
adult,hours-per-week,0.036706164479255676
adult,education-num,0.046708621084690094
adult,capital-gain,0.0024512072559446096
adult,capital-loss,0.023505600169301033
adult,hours-per-week,0.3993542194366455
adult,education-num,0.4620892405509949
adult,capital-gain,0.04706164076924324
adult,capital-loss,0.32614314556121826
adult,hours-per-week,0.027846721932291985
adult,education-num,0.026130681857466698
adult,capital-gain,0.001588195562362671
adult,capital-loss,0.016893083229660988
adult,hours-per-week,0.24007770419120789
adult,education-num,0.2024238109588623
adult,capital-gain,0.0110207200050354
adult,capital-loss,0.06922764331102371
adult,hours-per-week,0.005113525316119194
adult,education-num,0.005646098870784044
adult,capital-gain,0.0004165435384493321
adult,capital-loss,0.0034557394683361053
adult,hours-per-week,0.03828927502036095
adult,education-num,0.04912570118904114
adult,capital-gain,0.0025842622853815556
adult,capital-loss,0.02475314773619175
adult,hours-per-week,0.03391803428530693
adult,education-num,0.2200881689786911
adult,capital-gain,0.013370972126722336
adult,capital-loss,0.11030708998441696
adult,hours-per-week,0.019872887060046196
adult,education-num,0.010004215873777866
adult,capital-gain,0.0006551166879944503
adult,capital-loss,0.0043053836561739445
adult,hours-per-week,0.11695470660924911
adult,education-num,0.03497367724776268
adult,capital-gain,0.002377154538407922
adult,capital-loss,0.020576495677232742
adult,hours-per-week,0.315077006816864
adult,education-num,0.31894153356552124
adult,capital-gain,0.01531923096626997
adult,capital-loss,0.2575468420982361
adult,hours-per-week,0.01207772083580494
adult,education-num,0.039957523345947266
adult,capital-gain,0.6069929003715515
adult,capital-loss,0.01758563704788685
adult,hours-per-week,0.016005173325538635
adult,education-num,0.0038730003871023655
adult,capital-gain,0.008949645794928074
adult,capital-loss,0.0021648758556693792
adult,hours-per-week,0.10461392253637314
adult,education-num,0.08840543031692505
adult,capital-gain,0.005800229962915182
adult,capital-loss,0.05678457394242287
adult,hours-per-week,0.022077778354287148
adult,education-num,0.005357133690267801
adult,capital-gain,0.0004912435542792082
adult,capital-loss,0.003945260774344206
adult,hours-per-week,0.27474284172058105
adult,education-num,0.39159271121025085
adult,capital-gain,0.030248576775193214
adult,capital-loss,0.2167237401008606
adult,hours-per-week,0.04509662091732025
adult,education-num,0.04912570118904114
adult,capital-gain,0.0025842622853815556
adult,capital-loss,0.02475314773619175
adult,hours-per-week,0.01587655581533909
adult,education-num,0.004776292014867067
adult,capital-gain,0.0003874307149089873
adult,capital-loss,0.002449905266985297
adult,hours-per-week,0.01042766310274601
adult,education-num,0.01042766310274601
adult,capital-gain,0.0009606539970263839
adult,capital-loss,0.007689783349633217
adult,hours-per-week,0.02250458486378193
adult,education-num,0.007881205528974533
adult,capital-gain,0.0006475399131886661
adult,capital-loss,0.004221122246235609
adult,hours-per-week,0.05984380096197128
adult,education-num,0.047145068645477295
adult,capital-gain,0.0032116768416017294
adult,capital-loss,0.03351100906729698
adult,hours-per-week,0.2876913547515869
adult,education-num,0.41535136103630066
adult,capital-gain,0.04399076849222183
adult,capital-loss,0.33636757731437683
adult,hours-per-week,0.9477097392082214
adult,education-num,0.9488345384597778
adult,capital-gain,0.9983845949172974
adult,capital-loss,0.932336151599884
adult,hours-per-week,0.001456072786822915
adult,education-num,0.003049911931157112
adult,capital-gain,0.00025149760767817497
adult,capital-loss,0.0019948987755924463
adult,hours-per-week,0.006198163144290447
adult,education-num,0.001286467770114541
adult,capital-gain,0.0001304141478613019
adult,capital-loss,0.0008283818024210632
adult,hours-per-week,0.0016048256075009704
adult,education-num,0.0023662589956074953
adult,capital-gain,0.00021568580996245146
adult,capital-loss,0.0014266626676544547
adult,hours-per-week,0.5154352188110352
adult,education-num,0.4819124639034271
adult,capital-gain,0.03179003298282623
adult,capital-loss,0.3446008861064911
adult,hours-per-week,0.020771794021129608
adult,education-num,0.009353968314826488
adult,capital-gain,0.00067589629907161
adult,capital-loss,0.005015319213271141
adult,hours-per-week,0.0816233903169632
adult,education-num,0.08362142741680145
adult,capital-gain,0.0059397402219474316
adult,capital-loss,0.05362183600664139
adult,hours-per-week,0.45585012435913086
adult,education-num,0.45853134989738464
adult,capital-gain,0.055656131356954575
adult,capital-loss,0.37881404161453247
adult,hours-per-week,0.047153275460004807
adult,education-num,0.03966875374317169
adult,capital-gain,0.0020863593090325594
adult,capital-loss,0.020156729966402054
adult,hours-per-week,0.000607670343015343
adult,education-num,0.0007035723538137972
adult,capital-gain,0.0001117544888984412
adult,capital-loss,0.0006347025628201663
adult,hours-per-week,0.013611004687845707
adult,education-num,0.0037309511099010706
adult,capital-gain,0.00034000055165961385
adult,capital-loss,0.002617561724036932
adult,hours-per-week,0.05257903411984444
adult,education-num,0.06990298628807068
adult,capital-gain,0.003727397182956338
adult,capital-loss,0.03894636034965515
adult,hours-per-week,0.31541377305984497
adult,education-num,0.3149881064891815
adult,capital-gain,0.028797706589102745
adult,capital-loss,0.25363510847091675
adult,hours-per-week,0.3652113378047943
adult,education-num,0.4041577875614166
adult,capital-gain,0.040983036160469055
adult,capital-loss,0.2951834499835968
adult,hours-per-week,0.6474260687828064
adult,education-num,0.5862576961517334
adult,capital-gain,0.04204559698700905
adult,capital-loss,0.4267258644104004
adult,hours-per-week,0.009160217829048634
adult,education-num,0.02497890777885914
adult,capital-gain,0.0015560307074338198
adult,capital-loss,0.016556095331907272
adult,hours-per-week,0.12834271788597107
adult,education-num,0.12976598739624023
adult,capital-gain,0.007895827293395996
adult,capital-loss,0.08581122756004333
adult,hours-per-week,0.11167248338460922
adult,education-num,0.3145219385623932
adult,capital-gain,0.017424263060092926
adult,capital-loss,0.23740309476852417
adult,hours-per-week,0.010148219764232635
adult,education-num,0.01009196788072586
adult,capital-gain,0.0008128749905154109
adult,capital-loss,0.006654722616076469
adult,hours-per-week,0.0321270227432251
adult,education-num,0.04015591740608215
adult,capital-gain,0.002135941758751869
adult,capital-loss,0.02053813636302948
adult,hours-per-week,0.1575075387954712
adult,education-num,0.1542561948299408
adult,capital-gain,0.9977197051048279
adult,capital-loss,0.11609604209661484
adult,hours-per-week,0.04564885422587395
adult,education-num,0.046682167798280716
adult,capital-gain,0.003183120395988226
adult,capital-loss,0.35067886114120483
adult,hours-per-week,0.00043964252108708024
adult,education-num,0.0007035723538137972
adult,capital-gain,0.0001117544888984412
adult,capital-loss,0.0006347025628201663
adult,hours-per-week,0.037696536630392075
adult,education-num,0.03368597850203514
adult,capital-gain,0.0024359840899705887
adult,capital-loss,0.024579528719186783
adult,hours-per-week,0.35841551423072815
adult,education-num,0.49765855073928833
adult,capital-gain,0.08620495349168777
adult,capital-loss,0.4900319576263428
adult,hours-per-week,0.4251544773578644
adult,education-num,0.42709630727767944
adult,capital-gain,0.06325371563434601
adult,capital-loss,0.36928263306617737
adult,hours-per-week,0.037696536630392075
adult,education-num,0.03368597850203514
adult,capital-gain,0.0024359840899705887
adult,capital-loss,0.024579528719186783
adult,hours-per-week,0.02631693333387375
adult,education-num,0.023896457627415657
adult,capital-gain,0.0019156667403876781
adult,capital-loss,0.017089305445551872
adult,hours-per-week,0.41539525985717773
adult,education-num,0.45585012435913086
adult,capital-gain,0.050133101642131805
adult,capital-loss,0.34091252088546753
adult,hours-per-week,0.1670595109462738
adult,education-num,0.292207807302475
adult,capital-gain,0.03612518683075905
adult,capital-loss,0.230378195643425
adult,hours-per-week,0.04223774001002312
adult,education-num,0.01310440618544817
adult,capital-gain,0.0012102235341444612
adult,capital-loss,0.009670590981841087
adult,hours-per-week,0.04872770234942436
adult,education-num,0.048227425664663315
adult,capital-gain,0.003565565450116992
adult,capital-loss,0.03692249208688736
adult,hours-per-week,0.3993542194366455
adult,education-num,0.4620892405509949
adult,capital-gain,0.04706164076924324
adult,capital-loss,0.32614314556121826
adult,hours-per-week,0.011929311789572239
adult,education-num,0.011929311789572239
adult,capital-gain,0.001118911779485643
adult,capital-loss,0.008800678886473179
adult,hours-per-week,0.061352066695690155
adult,education-num,0.00991122703999281
adult,capital-gain,0.0008832722087390721
adult,capital-loss,0.006775373592972755
adult,hours-per-week,0.0052383048459887505
adult,education-num,0.01956412009894848
adult,capital-gain,0.0012321679387241602
adult,capital-loss,0.012942944653332233
adult,hours-per-week,0.034195952117443085
adult,education-num,0.015925997868180275
adult,capital-gain,0.6433473229408264
adult,capital-loss,0.010483426041901112
adult,hours-per-week,0.0032526522409170866
adult,education-num,0.0006384230800904334
adult,capital-gain,9.138665336649865e-05
adult,capital-loss,0.0005135965184308589
adult,hours-per-week,0.03415554016828537
adult,education-num,0.009658610448241234
adult,capital-gain,0.0009660596260800958
adult,capital-loss,0.007234325632452965
adult,hours-per-week,0.4382302165031433
adult,education-num,0.4196794331073761
adult,capital-gain,0.05082305520772934
adult,capital-loss,0.34244483709335327
adult,hours-per-week,0.0035220040008425713
adult,education-num,0.0031160213984549046
adult,capital-gain,0.015173942781984806
adult,capital-loss,0.0022934318985790014
adult,hours-per-week,0.008051320910453796
adult,education-num,0.009022747166454792
adult,capital-gain,0.0006452371017076075
adult,capital-loss,0.005348986480385065
adult,hours-per-week,0.0007506028632633388
adult,education-num,0.0030997428111732006
adult,capital-gain,0.00025583000387996435
adult,capital-loss,0.0020292026456445456
adult,hours-per-week,0.3932325839996338
adult,education-num,0.2907857894897461
adult,capital-gain,0.03505086153745651
adult,capital-loss,0.22669148445129395
adult,hours-per-week,0.41539525985717773
adult,education-num,0.45585012435913086
adult,capital-gain,0.050133101642131805
adult,capital-loss,0.34091252088546753
adult,hours-per-week,0.01781945489346981
adult,education-num,0.0057531013153493404
adult,capital-gain,0.0004145298444200307
adult,capital-loss,0.0030810884200036526
adult,hours-per-week,0.03828927502036095
adult,education-num,0.04912570118904114
adult,capital-gain,0.0025842622853815556
adult,capital-loss,0.02475314773619175
adult,hours-per-week,0.011156090535223484
adult,education-num,0.006916017271578312
adult,capital-gain,0.0003846998733934015
adult,capital-loss,0.0028109776321798563
adult,hours-per-week,0.02889169566333294
adult,education-num,0.030101876705884933
adult,capital-gain,0.0017787445103749633
adult,capital-loss,0.01462475210428238
adult,hours-per-week,0.004742966499179602
adult,education-num,0.006518758367747068
adult,capital-gain,0.0004700340796262026
adult,capital-loss,0.0034923891071230173
adult,hours-per-week,0.6366755962371826
adult,education-num,0.6406502723693848
adult,capital-gain,0.04997967556118965
adult,capital-loss,0.4755443334579468
adult,hours-per-week,0.01870029605925083
adult,education-num,0.017413904890418053
adult,capital-gain,0.0012545777717605233
adult,capital-loss,0.011511892080307007
adult,hours-per-week,0.07950417697429657
adult,education-num,0.08611274510622025
adult,capital-gain,0.006362014915794134
adult,capital-loss,0.062061309814453125
adult,hours-per-week,0.01319494005292654
adult,education-num,0.01947898045182228
adult,capital-gain,0.0019951066933572292
adult,capital-loss,0.014399190433323383
adult,hours-per-week,0.003415072802454233
adult,education-num,0.004533004015684128
adult,capital-gain,0.0003877689887303859
adult,capital-loss,0.002772736828774214
adult,hours-per-week,0.022095751017332077
adult,education-num,0.01772097870707512
adult,capital-gain,0.0012723839608952403
adult,capital-loss,0.01346586924046278
adult,hours-per-week,0.04277912899851799
adult,education-num,0.1385589987039566
adult,capital-gain,0.001986837014555931
adult,capital-loss,0.023040365427732468
adult,hours-per-week,0.03766398876905441
adult,education-num,0.01042766310274601
adult,capital-gain,0.0009606539970263839
adult,capital-loss,0.007689783349633217
adult,hours-per-week,0.012222332879900932
adult,education-num,0.010853668674826622
adult,capital-gain,0.0008963212021626532
adult,capital-loss,0.008626253344118595
adult,hours-per-week,0.007349979132413864
adult,education-num,0.001286467770114541
adult,capital-gain,0.0001304141478613019
adult,capital-loss,0.0008283818024210632
adult,hours-per-week,0.007367907091975212
adult,education-num,0.002789983293041587
adult,capital-gain,0.0003036645648535341
adult,capital-loss,0.002053286414593458
adult,hours-per-week,0.008662622421979904
adult,education-num,0.0007518270285800099
adult,capital-gain,0.00010876987653318793
adult,capital-loss,0.0006177612231113017
adult,hours-per-week,0.040146492421627045
adult,education-num,0.044004373252391815
adult,capital-gain,0.002303103916347027
adult,capital-loss,0.022113557904958725
adult,hours-per-week,0.26093435287475586
adult,education-num,0.3353111445903778
adult,capital-gain,0.03129314258694649
adult,capital-loss,0.24126578867435455
adult,hours-per-week,0.12251278012990952
adult,education-num,0.12437455356121063
adult,capital-gain,0.011689743027091026
adult,capital-loss,0.10021320730447769
adult,hours-per-week,0.00631058681756258
adult,education-num,0.0016837231814861298
adult,capital-gain,0.00017074689094442874
adult,capital-loss,0.0010843358468264341
adult,hours-per-week,0.11034636199474335
adult,education-num,0.11610254645347595
adult,capital-gain,0.008417600765824318
adult,capital-loss,0.07457094639539719
adult,hours-per-week,0.005278811790049076
adult,education-num,0.005646098870784044
adult,capital-gain,0.0004165435384493321
adult,capital-loss,0.0034557394683361053
adult,hours-per-week,0.3227739632129669
adult,education-num,0.3353111445903778
adult,capital-gain,0.03419157490134239
adult,capital-loss,0.2584241032600403
adult,hours-per-week,0.032464344054460526
adult,education-num,0.011060277931392193
adult,capital-gain,0.0009248326532542706
adult,capital-loss,0.008539104834198952
adult,hours-per-week,0.13112890720367432
adult,education-num,0.09849151968955994
adult,capital-gain,0.007930903695523739
adult,capital-loss,0.06360472738742828
adult,hours-per-week,0.34476661682128906
adult,education-num,0.40470433235168457
adult,capital-gain,0.03991875797510147
adult,capital-loss,0.27694860100746155
adult,hours-per-week,0.005915696732699871
adult,education-num,0.00816680584102869
adult,capital-gain,0.0007340777665376663
adult,capital-loss,0.005645828787237406
adult,hours-per-week,0.006740789860486984
adult,education-num,0.004222665913403034
adult,capital-gain,0.027770094573497772
adult,capital-loss,0.001561194658279419
adult,hours-per-week,0.008552570827305317
adult,education-num,0.006278312765061855
adult,capital-gain,0.0005229677772149444
adult,capital-loss,0.0042987121269106865
adult,hours-per-week,0.019340481609106064
adult,education-num,0.007975844666361809
adult,capital-gain,0.000565500115044415
adult,capital-loss,0.003572533605620265
adult,hours-per-week,0.003484740387648344
adult,education-num,0.002234372077509761
adult,capital-gain,0.00023804027296137065
adult,capital-loss,0.0016441426705569029
adult,hours-per-week,0.03410816192626953
adult,education-num,0.03719731792807579
adult,capital-gain,0.0026110378094017506
adult,capital-loss,0.022016314789652824
adult,hours-per-week,0.0010282607981935143
adult,education-num,0.0008697091252543032
adult,capital-gain,0.00041213378426618874
adult,capital-loss,0.0006397365359589458
adult,hours-per-week,0.010713036172091961
adult,education-num,0.004384365398436785
adult,capital-gain,0.00036609292146749794
adult,capital-loss,0.002822035690769553
adult,hours-per-week,0.024761511012911797
adult,education-num,0.024343116208910942
adult,capital-gain,0.0023235580883920193
adult,capital-loss,0.017958883196115494
adult,hours-per-week,0.03700733184814453
adult,education-num,0.020837262272834778
adult,capital-gain,0.0010120103834196925
adult,capital-loss,0.009777585975825787
adult,hours-per-week,0.05248716101050377
adult,education-num,0.0659179762005806
adult,capital-gain,0.003290860913693905
adult,capital-loss,0.03410978242754936
adult,hours-per-week,0.01422239188104868
adult,education-num,0.01345766056329012
adult,capital-gain,0.0009354419307783246
adult,capital-loss,0.008580624125897884
adult,hours-per-week,0.034451719373464584
adult,education-num,0.02497890777885914
adult,capital-gain,0.0015560307074338198
adult,capital-loss,0.016556095331907272
adult,hours-per-week,0.07179897278547287
adult,education-num,0.047145068645477295
adult,capital-gain,0.0032116768416017294
adult,capital-loss,0.03351100906729698
adult,hours-per-week,0.0006439485005103052
adult,education-num,0.0008419893565587699
adult,capital-gain,8.620476728538051e-05
adult,capital-loss,0.0005420875386334956
adult,hours-per-week,0.4729074239730835
adult,education-num,0.424184650182724
adult,capital-gain,0.057725947350263596
adult,capital-loss,0.3963680863380432
adult,hours-per-week,0.0281707551330328
adult,education-num,0.025259343907237053
adult,capital-gain,0.001756382524035871
adult,capital-loss,0.014977509155869484
adult,hours-per-week,0.011952490545809269
adult,education-num,0.010838694870471954
adult,capital-gain,0.0007858056342229247
adult,capital-loss,0.008222301490604877
adult,hours-per-week,0.012475023046135902
adult,education-num,0.005734064616262913
adult,capital-gain,0.0004131508176214993
adult,capital-loss,0.0030708659905940294
adult,hours-per-week,0.06829115748405457
adult,education-num,0.06662222743034363
adult,capital-gain,0.9295754432678223
adult,capital-loss,0.02146080508828163
adult,hours-per-week,0.2645934820175171
adult,education-num,0.258635550737381
adult,capital-gain,0.013725798577070236
adult,capital-loss,0.0956890657544136
adult,hours-per-week,0.1159384548664093
adult,education-num,0.43062064051628113
adult,capital-gain,0.019250992685556412
adult,capital-loss,0.3287503719329834
adult,hours-per-week,0.2346872091293335
adult,education-num,0.11482983827590942
adult,capital-gain,0.009350107051432133
adult,capital-loss,0.08628574013710022
adult,hours-per-week,0.2640059292316437
adult,education-num,0.35166510939598083
adult,capital-gain,0.017128372564911842
adult,capital-loss,0.13516728579998016
adult,hours-per-week,0.5028207898139954
adult,education-num,0.48877596855163574
adult,capital-gain,0.06388355791568756
adult,capital-loss,0.40776023268699646
adult,hours-per-week,0.001113705919124186
adult,education-num,0.0023662589956074953
adult,capital-gain,0.00021568580996245146
adult,capital-loss,0.0014266626676544547
adult,hours-per-week,0.1302313357591629
adult,education-num,0.236551433801651
adult,capital-gain,0.014553363434970379
adult,capital-loss,0.11447253823280334
adult,hours-per-week,0.41104376316070557
adult,education-num,0.41366180777549744
adult,capital-gain,0.04680231213569641
adult,capital-loss,0.3376413583755493
adult,hours-per-week,0.011802966706454754
adult,education-num,0.008183585479855537
adult,capital-gain,0.0006648007547482848
adult,capital-loss,0.005392779130488634
adult,hours-per-week,0.0804949402809143
adult,education-num,0.18403108417987823
adult,capital-gain,0.006043548230081797
adult,capital-loss,0.06718993186950684
adult,hours-per-week,0.014384512789547443
adult,education-num,0.003896412206813693
adult,capital-gain,0.00036264085792936385
adult,capital-loss,0.002868402050808072
adult,hours-per-week,0.3933427929878235
adult,education-num,0.45585012435913086
adult,capital-gain,0.045947570353746414
adult,capital-loss,0.32064545154571533
adult,hours-per-week,0.016300290822982788
adult,education-num,0.07592213153839111
adult,capital-gain,0.0031076152808964252
adult,capital-loss,0.023418748751282692
adult,hours-per-week,0.0007344541954807937
adult,education-num,0.003792335046455264
adult,capital-gain,0.00033483069273643196
adult,capital-loss,0.0026027322746813297
