dataset,fold,model,Accuracy,F1,ROC-AUC,PR-AUC,SPD,DIR,EOD,A_flip_prob_rate,A_flip_class_rate
synthetic,0,LogisticRegression,0.786,0.7753280839895013,0.869290811613333,0.8636189857818257,0.020907797042543363,0.9564166276681012,0.010875061601422709,0.0,0.0035
synthetic,0,XGBoost,0.785,0.7742782152230971,0.8665392236437341,0.8610189794186505,0.017907790292528147,0.9625530290951009,0.0053014658206309295,0.0,0.00125
synthetic,0,XGBoost+RW,0.78575,0.7754781241812942,0.8665119430280632,0.8611046974945392,0.006587014820783332,0.9861117992778642,0.03166313128066678,0.00025,0.01825
synthetic,1,LogisticRegression,0.80475,0.7990738358631335,0.8836291528167485,0.8719843184418101,0.09277927792779278,0.8266953110405381,0.05355287203927331,0.0,0.002
synthetic,1,XGBoost,0.80275,0.7969111969111969,0.881333076044591,0.8684975225611143,0.08476847684768479,0.8403029646447042,0.04892754694634244,0.0,0.0015
synthetic,1,XGBoost+RW,0.80475,0.798970398970399,0.8810963103342725,0.8685411534487766,0.06476647664766472,0.8756182116756779,0.0252077860110555,0.0,0.01
synthetic,2,LogisticRegression,0.78775,0.7775740110034058,0.8708482005198008,0.8662449192348067,0.05982208741188433,0.8809137513800728,0.02830630304128537,0.0,0.00225
synthetic,2,XGBoost,0.783,0.7739583333333333,0.8682191613505211,0.8618874886173977,0.05677157785434722,0.8879155179257955,0.029272749237413548,0.0,0.0
synthetic,2,XGBoost+RW,0.78125,0.7719572582746937,0.8676615167133206,0.8616927282659128,0.0431911389745851,0.9133922985697516,0.011891818428920897,0.0,0.00875
synthetic,3,LogisticRegression,0.79625,0.7897859169460923,0.8823432387840343,0.8761739038017096,0.07764290041860133,0.8522763331476371,0.06442655860115193,0.0,0.005
synthetic,3,XGBoost,0.79175,0.7849212496772527,0.8776996207616005,0.8714474097849078,0.06361334353185871,0.8770723537822163,0.052184762011969754,0.0,0.0035
synthetic,3,XGBoost+RW,0.793,0.7861570247933884,0.8783811586193639,0.8728485343165957,0.0381019440793085,0.9244470998306777,0.03165794262771804,0.0,0.01375
synthetic,4,LogisticRegression,0.7935,0.7858994297563504,0.8800851284084401,0.8721096366850004,0.08511176600589404,0.8375507111248112,0.058741358006768385,0.0,0.00075
synthetic,4,XGBoost,0.793,0.784037558685446,0.8773756212181281,0.8672789114986392,0.07514767632908698,0.8535021975547634,0.0626546525620304,0.0,0.00125
synthetic,4,XGBoost+RW,0.792,0.7836713468538742,0.877152738565782,0.8674957904084502,0.04912944216497944,0.902325410324134,0.027089805754768936,0.0005,0.01625
synthetic,5,LogisticRegression,0.7915,0.7822454308093995,0.876223591926039,0.8730248521185858,0.07436786997968436,0.8547215200693604,0.06716371654821113,0.0,0.01325
synthetic,5,XGBoost,0.792,0.7834461218115565,0.8738987328529443,0.8705709232077686,0.06444131895608685,0.87361310333836,0.07034548691980586,0.0,0.003
synthetic,5,XGBoost+RW,0.79025,0.7808827370070515,0.8739467867814654,0.8708605132670988,0.049857790279731196,0.9001327223098691,0.055624633739538104,0.0,0.00575
synthetic,6,LogisticRegression,0.793,0.7858251422659079,0.8751013324703649,0.8675857143461628,0.03720151332257915,0.9258960809996464,0.013543000959081342,0.0,0.0035
synthetic,6,XGBoost,0.7905,0.7814293166405842,0.8719121283860812,0.8633240869984361,0.03105701561826507,0.9367368911044179,0.003273771489998245,0.0,0.00075
synthetic,6,XGBoost+RW,0.78875,0.7800052069773497,0.8708072634514085,0.8620349613686286,0.011586938542021918,0.976002808578592,0.021744541067777234,0.0,0.0155
synthetic,7,LogisticRegression,0.7855,0.7776049766718507,0.8711497991678379,0.8652163369057682,0.07194378449422478,0.8611202826773249,0.056751285047104916,0.0,0.00175
synthetic,7,XGBoost,0.78325,0.7760268664427796,0.8681177941700606,0.861267880608889,0.07254467885909588,0.8609148269975075,0.04838922523809985,0.0,0.0025
synthetic,7,XGBoost+RW,0.78625,0.7786694279057728,0.8682742250041048,0.8610532338479523,0.04747665626666803,0.9063311260630568,0.02344466653148325,0.0,0.01525
synthetic,8,LogisticRegression,0.7975,0.7897196261682243,0.8817185166051956,0.8718465955194908,0.05236557113828311,0.8967057179071062,0.01647224955495641,0.0,0.0095
synthetic,8,XGBoost,0.79525,0.7866631935399844,0.8788411904161211,0.8686205894229142,0.04766973458652396,0.9049054934918366,0.024141272261573032,0.0,0.0015
synthetic,8,XGBoost+RW,0.79375,0.7855471796204835,0.8775008910300306,0.8670982905970535,0.020764320149610216,0.9575752153574806,0.020744680851063846,0.00025,0.02175
synthetic,9,LogisticRegression,0.79775,0.7899246948844456,0.8814116618811345,0.8714659729419194,0.09570489262231557,0.8185218545557978,0.07066584209441354,0.0,0.004
synthetic,9,XGBoost,0.79425,0.7852856770153926,0.8781083432447909,0.8674498549082643,0.07974949373734347,0.8451241715825504,0.053143681715110275,0.0,0.00125
synthetic,9,XGBoost+RW,0.7985,0.7905405405405406,0.8781639074770434,0.8675249868939823,0.05721143028575715,0.8872598285545374,0.02888064316635744,0.0,0.01225
synthetic,10,LogisticRegression,0.789,0.7819121447028424,0.87350378962791,0.8648485310662093,0.09512774258253737,0.8216124827199807,0.06402187361282952,0.0,0.00425
synthetic,10,XGBoost,0.78725,0.7800465236495219,0.872179303223042,0.8641765119544303,0.09661387505727204,0.8190006727187918,0.07112796441287861,0.0,0.00225
synthetic,10,XGBoost+RW,0.78825,0.7814193548387097,0.8729989730975587,0.8641798119796711,0.0656765956531063,0.8735383128387556,0.04096013449060737,0.0,0.01525
synthetic,11,LogisticRegression,0.79625,0.7911862669741224,0.8818288824633445,0.8739042859788023,0.07443400728864752,0.8595278592306187,0.030354865387767244,0.0,0.00625
synthetic,11,XGBoost,0.7965,0.7894464562855664,0.8779693010481012,0.8677328508655484,0.07485076572800597,0.8562894170063068,0.03236456012314182,0.0,0.003
synthetic,11,XGBoost+RW,0.80075,0.7934698108318217,0.8781052035647006,0.8678705414512083,0.05233455977483542,0.896935599889518,0.010132291363925128,0.001,0.0165
synthetic,12,LogisticRegression,0.7905,0.781201044386423,0.8757571252367737,0.8735837714976862,0.07978291343313137,0.8448322641063567,0.04792547925479254,0.0,0.004
synthetic,12,XGBoost,0.7865,0.7776041666666667,0.8722066458826403,0.8692749747197759,0.06775504959025014,0.867326772418702,0.03787162871628716,0.0,0.00125
synthetic,12,XGBoost+RW,0.78175,0.7728337236533958,0.8719870169916424,0.8693729067742152,0.04524611869509049,0.9095527388709473,0.014152641526415266,0.0,0.0115
synthetic,13,LogisticRegression,0.796,0.786833855799373,0.8819260064634716,0.8726708002224159,0.04500516574549002,0.9094766562569988,0.04439148177360175,0.0,0.0055
synthetic,13,XGBoost,0.79075,0.7809473959696415,0.8779601719587845,0.8678471719886397,0.016377002086065406,0.9659295165605006,0.011237663489560595,0.0,0.00075
synthetic,13,XGBoost+RW,0.7885,0.7780692549842603,0.8771269587643316,0.8666820202658769,0.005274590212132058,0.9888382515449333,0.03258856711108607,0.001,0.01575
synthetic,14,LogisticRegression,0.79575,0.7871841625423287,0.8736516913552066,0.8656331949098466,0.041884011775073615,0.9158523630500787,0.04165168539325842,0.0,0.0
synthetic,14,XGBoost,0.7925,0.7854188210961738,0.8692458482005198,0.8598788556440911,0.04342027137669613,0.9141492156625285,0.045224719101123606,0.0,0.0
synthetic,14,XGBoost+RW,0.79475,0.7878004652364953,0.869824016563147,0.8600643744061028,0.021921387008668802,0.9557356608478803,0.02379775280898877,0.0,0.01525
adult,0,LogisticRegression,0.8511519973479198,0.6746376811594202,0.9074834671993289,0.7770688762589768,0.18582086445687412,0.3051109052388582,0.07893799194532322,0.38339134758826454,0.08884468755179845
adult,0,XGBoost,0.8620918282778054,0.688622754491018,0.9215501232668221,0.8219225353903155,0.17365488938684298,0.3025031197239962,0.06299993936982827,0.006132935521299519,0.017735786507541852
adult,0,XGBoost+RW,0.8602685231228244,0.6741399304213375,0.9167032788768951,0.8091072394541028,0.08258699446350411,0.5991272035522963,0.2037766849099124,0.0014917951268025858,0.008619260732637163
adult,1,LogisticRegression,0.8460135919111553,0.6627949183303086,0.899586544064987,0.7620167282019977,0.1988673383709056,0.26843311258155617,0.1215138050525375,0.40974639482844355,0.09862423338305984
adult,1,XGBoost,0.8655726835736781,0.6949981195938323,0.9191154970008355,0.8164369563406696,0.18448086090531957,0.26584880377795417,0.11438072881734851,0.006132935521299519,0.014254931211669153
adult,1,XGBoost+RW,0.8572849328692193,0.669735327963176,0.9134060493461083,0.8038640014357237,0.08755822424447103,0.5858212239732025,0.16162949921752734,0.0,0.0036466103099618763
adult,2,LogisticRegression,0.8506299734748011,0.6691149467499082,0.9063408180318544,0.7798174937304505,0.17880857107824374,0.31603186469409034,0.1493371323453136,0.40799071618037136,0.09350132625994695
adult,2,XGBoost,0.8630636604774535,0.6873580620741863,0.9235510027817843,0.8258873630891423,0.1715586194705908,0.3015113350125945,0.12103126577638845,0.011936339522546418,0.013262599469496022
adult,2,XGBoost+RW,0.8589190981432361,0.6743207041714504,0.9182082834205578,0.8099180244919626,0.07804219812667157,0.6284273225663061,0.14410196474387782,0.0011604774535809018,0.007128647214854111
adult,3,LogisticRegression,0.8433355437665783,0.6549835706462213,0.9013064342744505,0.7613941851790628,0.17533066374979167,0.3285799651930159,0.07554983440067596,0.3624005305039788,0.08173076923076923
adult,3,XGBoost,0.8582559681697612,0.6822742474916388,0.9158151903733418,0.811343662776121,0.1865506598847551,0.2734249654346363,0.07345338664259152,0.005470822281167109,0.017738726790450927
adult,3,XGBoost+RW,0.8512931034482759,0.6577642121327737,0.9092640512886943,0.7966421808634689,0.08859564896102781,0.5858480983152864,0.20272867025365104,0.000663129973474801,0.007791777188328912
adult,4,LogisticRegression,0.8519562334217506,0.6706012541497602,0.9091602660764309,0.7721812891135499,0.1855652785682666,0.29295051353874885,0.14547301587301592,0.39439655172413796,0.10046419098143236
adult,4,XGBoost,0.8638925729442971,0.6881883782757311,0.9258420707636323,0.8276756223521182,0.17135821792196293,0.29992410663824703,0.124,0.009946949602122016,0.01873342175066313
adult,4,XGBoost+RW,0.8609084880636605,0.6741747572815534,0.9215597011196256,0.8161485927861466,0.06974680642509326,0.6533376551940909,0.15911746031746032,0.0,0.014423076923076924
adult,5,LogisticRegression,0.8446875517984419,0.6553880102979036,0.9011261670968541,0.759493743337862,0.18794843267285377,0.28435694823538965,0.11985533966813217,0.388529753025029,0.08934195259406597
adult,5,XGBoost,0.8609315431791812,0.6808672499049068,0.919136876572427,0.8136420785259013,0.17344606264793055,0.28626332645987806,0.09634803573961137,0.015415216310293387,0.017072766451185148
adult,5,XGBoost+RW,0.8566219128128626,0.6645986816595579,0.9133948820097444,0.801931124214978,0.08853933965423601,0.5727060034201485,0.16228903701602615,0.000994530084535057,0.006795955577656224
adult,6,LogisticRegression,0.8524780374606332,0.6715867158671587,0.9077569200016106,0.7795955232779027,0.18287136164695245,0.29838527915129354,0.11692148224928733,0.40427647936350075,0.1009448035803083
adult,6,XGBoost,0.8662357036300348,0.6951265583679638,0.9232142033236932,0.8271750436738986,0.1770179539278564,0.2869865066116252,0.10919581929688171,0.005967180507210343,0.016243991380739266
adult,6,XGBoost+RW,0.8574506878833085,0.6704980842911877,0.9158833612859599,0.8091426115331405,0.0734501448137789,0.6467397797051586,0.18038870173620114,0.0,0.017570031493452678
adult,7,LogisticRegression,0.8519562334217506,0.6784299603889089,0.9074988777436833,0.7786126194729783,0.17763372308461578,0.3355599345379246,0.08279983891667703,0.3852785145888594,0.08255968169761273
adult,7,XGBoost,0.8643899204244032,0.7012417823228634,0.920737605813001,0.8228150957749987,0.17897855953385464,0.31504690028533144,0.0751648992246506,0.0016578249336870027,0.01889920424403183
adult,7,XGBoost+RW,0.8612400530503979,0.6866342193934856,0.9166330075542958,0.8127049879685814,0.08122414174675671,0.629929213208885,0.20155542986425334,0.0,0.011107427055702918
adult,8,LogisticRegression,0.8453249336870027,0.6522549385016773,0.9019905952494556,0.7662515219251395,0.17464015075578365,0.30890700303444996,0.12111833933345967,0.40251989389920423,0.09433023872679044
adult,8,XGBoost,0.8625663129973474,0.683466972126766,0.9189581697245608,0.8146194683720818,0.17101559680846798,0.290137094593189,0.11570068141785439,0.001823607427055703,0.02420424403183024
adult,8,XGBoost+RW,0.853945623342175,0.6554556120453656,0.9127751365932608,0.7993623711510206,0.07340924582013553,0.6309599395313681,0.19223913485897948,0.0,0.014423076923076924
adult,9,LogisticRegression,0.8454907161803713,0.665470208183776,0.906396034132562,0.76938355064187,0.20023670698764368,0.2811697312480782,0.13473989848146073,0.3927387267904509,0.09399867374005305
adult,9,XGBoost,0.8672082228116711,0.7001123174840883,0.923620088594163,0.825386519147486,0.18915950318212937,0.26069096779443557,0.162207127491602,0.009946949602122016,0.01823607427055703
adult,9,XGBoost+RW,0.8622347480106101,0.6780317706315382,0.9204181033089067,0.8135905155052743,0.09701433270410119,0.5395795193797165,0.10746341411722327,0.0003315649867374005,0.01889920424403183
adult,10,LogisticRegression,0.8546328526437925,0.674582560296846,0.9107641661335244,0.7818259995981215,0.19865444128079202,0.2435492081313422,0.1444239686125312,0.39565721863086356,0.09530913310127631
adult,10,XGBoost,0.8680590087850157,0.6961832061068702,0.9260532047169653,0.8299088399834974,0.1877325524012039,0.23876510937515832,0.15232285102841525,0.005801425493121167,0.009779545831261395
adult,10,XGBoost+RW,0.8614288082214487,0.6693037974683544,0.9207163199747499,0.8159702914717032,0.09649904861377466,0.5212751715289787,0.12748186898109626,0.000994530084535057,0.030167412564230067
adult,11,LogisticRegression,0.8425327366152826,0.6607142857142857,0.8991793771036102,0.7593873889818712,0.1896102605371795,0.310720762135328,0.08556628525254137,0.39864080888446873,0.08867893253770927
adult,11,XGBoost,0.854135587601525,0.6733481811432813,0.9155575248598132,0.8090877061747256,0.1784877562852984,0.2972896159989112,0.08707347521103315,0.0028178352395159954,0.012763136084866566
adult,11,XGBoost+RW,0.8480026520802254,0.6522563519150549,0.9096354569982612,0.7920101428692923,0.08953148857654059,0.5863304346396344,0.1334041731066461,0.0006630200563567048,0.016907011437095974
adult,12,LogisticRegression,0.8448275862068966,0.6523031203566122,0.904623284322627,0.7646538554363685,0.17254637893663138,0.32121696604909244,0.07383730733585317,0.3776525198938992,0.08885941644562334
adult,12,XGBoost,0.8628978779840849,0.6854317230886269,0.9212532629244008,0.8194659387401987,0.1697512909600918,0.3009631477045253,0.06234238248148591,0.008952254641909815,0.023872679045092837
adult,12,XGBoost+RW,0.8561007957559682,0.6643464810518175,0.9140500168283309,0.8043959322492771,0.0720048928981257,0.6462672251800815,0.22223841749089013,0.0008289124668435014,0.015915119363395226
adult,13,LogisticRegression,0.8506299734748011,0.6712878511492156,0.9047741438026089,0.771713488783048,0.18002994232408884,0.3189370059005838,0.12216623855628006,0.39903846153846156,0.09764588859416445
adult,13,XGBoost,0.8643899204244032,0.6913207547169812,0.9200968206144038,0.8207710673952944,0.16969662803231034,0.30983243273746064,0.10416255022064147,0.005802387267904509,0.01823607427055703
adult,13,XGBoost+RW,0.8622347480106101,0.6812428078250863,0.9170927172659558,0.812622793579991,0.07315782019780634,0.6469831075253122,0.18992623328722913,0.0003315649867374005,0.01840185676392573
adult,14,LogisticRegression,0.8511273209549072,0.6748732802317161,0.9066075255068299,0.7812093231824856,0.17627973320475732,0.337123215230037,0.09323641502896907,0.39721485411140584,0.08968832891246685
adult,14,XGBoost,0.8650530503978779,0.6971726190476191,0.9225313268842428,0.8256457603031079,0.18237905818064928,0.28657089417349074,0.143535368434774,0.0062997347480106105,0.021385941644562333
adult,14,XGBoost+RW,0.8604111405835544,0.6817838246409675,0.9182444011369681,0.8126493289202189,0.08422733847637418,0.6116976938038343,0.14157664904619627,0.0,0.007460212201591512
acs_employment_ca_2018,0,LogisticRegression,0.7756666666666666,0.7692835104559479,0.8505322923741647,0.7860544138335004,0.004593174317354509,0.991146210681028,0.015355155044291247,0.0,0.08333333333333333
acs_employment_ca_2018,0,XGBoost,0.8253333333333334,0.8196834136269787,0.9031704796142012,0.8604540041431822,0.018947487655814665,0.9639051136057126,0.025991119169331722,0.0,0.0
acs_employment_ca_2018,0,XGBoost+RW,0.8245,0.8186671258825555,0.9027688858284155,0.85963788636351,0.021712613232067968,0.9587052016534832,0.02749811834951965,0.0,0.0
acs_employment_ca_2018,1,LogisticRegression,0.7675,0.7652700656234225,0.8400426358082549,0.7621806630116331,0.005707724097657407,0.9894038423450188,0.028524475311287212,0.0,0.06283333333333334
acs_employment_ca_2018,1,XGBoost,0.8108333333333333,0.8068085106382978,0.8911101774875405,0.8440299814986677,0.009464209509691623,0.9820585558494643,0.013994852047919448,0.0,0.0005
acs_employment_ca_2018,1,XGBoost+RW,0.811,0.8071428571428572,0.8913042260815647,0.8444002953568955,0.008018327605956443,0.9848073792729246,0.015511152275364481,0.0,0.0005
acs_employment_ca_2018,2,LogisticRegression,0.7695,0.7653147802477516,0.8455768139432445,0.7700072575534705,0.003228027488613283,0.9938854997985396,0.01098971311737268,0.0,0.07416666666666667
acs_employment_ca_2018,2,XGBoost,0.816,0.8117326057298773,0.8988307494777241,0.858400137695783,0.02430490119063833,0.9547080095272866,0.03118790854983511,0.0,0.00016666666666666666
acs_employment_ca_2018,2,XGBoost+RW,0.8158333333333333,0.8115942028985508,0.8987813582498079,0.8582498172578804,0.024031078627659186,0.9552182757002033,0.02812515058840137,0.0,0.0
acs_employment_ca_2018,3,LogisticRegression,0.7625,0.7620637836032726,0.8347139357517562,0.7515956153589249,0.025038000581015907,0.955138621423874,0.036810816873833696,0.0,0.076
acs_employment_ca_2018,3,XGBoost,0.8073333333333333,0.8061053337806106,0.8912256763602272,0.8386221509620724,0.02315916297496612,0.9580799075228549,0.025424276104919374,0.0,0.0011666666666666668
acs_employment_ca_2018,3,XGBoost+RW,0.8086666666666666,0.8073178919100369,0.891226292350598,0.8384533936166662,0.02635557351456197,0.9524066412240968,0.030430955075848032,0.0,0.00016666666666666666
acs_employment_ca_2018,4,LogisticRegression,0.7766666666666666,0.7731120894006096,0.8508296438310077,0.7768020165839924,0.00425920612460684,0.9919711014357078,0.0035936560663924477,0.0,0.08133333333333333
acs_employment_ca_2018,4,XGBoost,0.8235,0.8175081854213337,0.9006976482943618,0.8537400410580536,0.009733522870619238,0.9811958686070927,0.02176773843440505,0.0,0.0
acs_employment_ca_2018,4,XGBoost+RW,0.8235,0.8174452680572315,0.900604801745739,0.8533089635373248,0.009575783163603191,0.981485227233133,0.020818070818070744,0.0,0.0005
acs_employment_ca_2018,5,LogisticRegression,0.772,0.7697744867048132,0.84225249367844,0.7637340123931816,0.024364143891657752,0.9556878312489447,0.025280695400217323,0.0,0.07266666666666667
acs_employment_ca_2018,5,XGBoost,0.8131666666666667,0.8099677911510426,0.8922259709037993,0.844943066960438,0.020045024452774673,0.9628819263287737,0.01452312953847798,0.0,0.00016666666666666666
acs_employment_ca_2018,5,XGBoost+RW,0.8128333333333333,0.8098865752497038,0.8921756806765458,0.8451797352731047,0.01925387783128807,0.9644030668127052,0.014626442070763135,0.0,0.0
acs_employment_ca_2018,6,LogisticRegression,0.7696666666666667,0.7649659863945578,0.8482769604900262,0.7776356809542909,0.025698466529529673,0.9519367801679582,0.030225435341057816,0.0,0.08933333333333333
acs_employment_ca_2018,6,XGBoost,0.8101666666666667,0.8043963592649837,0.8951109946757322,0.845918024562949,0.005284196372800087,0.9898065584821728,0.01663129358974136,0.0,0.0
acs_employment_ca_2018,6,XGBoost+RW,0.8123333333333334,0.8065292096219931,0.8948869847547809,0.8452828890642317,0.0054026300212246525,0.989569488860757,0.019850271911058037,0.0,0.0006666666666666666
acs_employment_ca_2018,7,LogisticRegression,0.7656666666666667,0.7628205128205128,0.8421282758507919,0.7685582541928179,0.04074642605674572,0.9269297710573647,0.03650699748636688,0.0,0.058
acs_employment_ca_2018,7,XGBoost,0.819,0.8144858216604032,0.8979007160160072,0.8536582906379042,0.04240662887039337,0.9223783122826159,0.059294517675389735,0.0,0.0
acs_employment_ca_2018,7,XGBoost+RW,0.8198333333333333,0.8154975251749446,0.8978617406252705,0.853517931289366,0.04528665647540797,0.9175007739802196,0.059385273439790054,0.0,0.0
acs_employment_ca_2018,8,LogisticRegression,0.7668333333333334,0.7621961584225735,0.8439494793817383,0.764957330966578,0.00909802400754256,0.9828525878689011,0.01497047011575714,0.0,0.07216666666666667
acs_employment_ca_2018,8,XGBoost,0.815,0.8107094133697135,0.8977659261230427,0.851292240159728,0.020586826061237073,0.9614805720272421,0.02796361918261281,0.0,0.0005
acs_employment_ca_2018,8,XGBoost+RW,0.8158333333333333,0.811529933481153,0.8977597662193346,0.851266688193639,0.020858712956288716,0.9609718521478627,0.02572508471926238,0.0,0.0013333333333333333
acs_employment_ca_2018,9,LogisticRegression,0.7773333333333333,0.775084175084175,0.8465076873918307,0.7738103632556249,0.029505525329249105,0.945950574993883,0.031638694620439056,0.0,0.09233333333333334
acs_employment_ca_2018,9,XGBoost,0.8238333333333333,0.8211808492640839,0.9000717460784653,0.8559169153155185,0.01670838568715005,0.9688347132218407,0.014951796189118682,0.0,0.00016666666666666666
acs_employment_ca_2018,9,XGBoost+RW,0.8245,0.8219780219780219,0.9003064384097548,0.8562951863443619,0.01849774970368634,0.965584277711484,0.017510396516481702,0.0,0.0003333333333333333
acs_employment_ca_2018,10,LogisticRegression,0.7801666666666667,0.776856707832854,0.8515490734053629,0.7702878687173249,0.006087305853290315,0.9885912106427043,0.030097688792643407,0.0,0.064
acs_employment_ca_2018,10,XGBoost,0.8141666666666667,0.8092386655260907,0.8944751425151117,0.8450704758379499,0.0071857459372700605,0.9862667158238358,0.04129080304546051,0.0,0.00016666666666666666
acs_employment_ca_2018,10,XGBoost+RW,0.8138333333333333,0.8090924628268672,0.8946089884428802,0.8458123359281794,0.0034465547562548826,0.9933967079525668,0.0401205280308321,0.0,0.0003333333333333333
acs_employment_ca_2018,11,LogisticRegression,0.7751666666666667,0.7697559310462536,0.8487001712331835,0.7715778162111098,0.004549679895734626,0.9913001126283981,0.004469700689786804,0.0,0.06866666666666667
acs_employment_ca_2018,11,XGBoost,0.8208333333333333,0.8150696714261139,0.9007869580527983,0.8563121970648142,0.015079534166582254,0.9711474176229685,0.04272771965116129,0.0,0.0
acs_employment_ca_2018,11,XGBoost+RW,0.8203333333333334,0.8146492434662999,0.9010334249683251,0.8567760227439831,0.014952821258818916,0.9714130124315622,0.039643688262223975,0.0,0.0
acs_employment_ca_2018,12,LogisticRegression,0.766,0.765295887662989,0.8403074083145933,0.7662286776877207,0.007067866894980179,0.9870505202166132,0.01642343107455746,0.0,0.08666666666666667
acs_employment_ca_2018,12,XGBoost,0.817,0.8135823429541595,0.8954951616196335,0.8482055876980371,0.017556354157785226,0.9672978069775223,0.010931633291614506,0.0,0.0011666666666666668
acs_employment_ca_2018,12,XGBoost+RW,0.8166666666666667,0.8127978216473791,0.8955982000089375,0.849064658722501,0.024188114408536632,0.9550874173126301,0.0173218755587341,0.0,0.0
acs_employment_ca_2018,13,LogisticRegression,0.7646666666666667,0.7612445045654379,0.8417412099014068,0.7706635858568407,0.004027541644724297,0.9924385520907084,0.0037362966769441397,0.0,0.07566666666666666
acs_employment_ca_2018,13,XGBoost,0.8133333333333334,0.809134287661895,0.8943933228435773,0.8485077428750197,0.005950377056556211,0.9886908610256249,0.005955949526093407,0.0,0.0006666666666666666
acs_employment_ca_2018,13,XGBoost+RW,0.8125,0.8081841432225064,0.8944298342728306,0.8482713967649269,0.00887473321801946,0.9831743787432139,0.00934609455292909,0.0,0.0
acs_employment_ca_2018,14,LogisticRegression,0.7673333333333333,0.7625042531473291,0.8400774199097719,0.7677841825516095,0.009162944011805507,0.9827065563720854,0.019143327054569503,0.0,0.0885
acs_employment_ca_2018,14,XGBoost,0.8201666666666667,0.8150814053127677,0.8976843353984689,0.8544253925063208,0.024961798460993445,0.9531220305901541,0.03137327038240645,0.0,0.0003333333333333333
acs_employment_ca_2018,14,XGBoost+RW,0.8191666666666667,0.8141805103613633,0.8976617677512466,0.8541973459906288,0.025302416073377132,0.9525605729916435,0.030412655588938575,0.0,0.0
